DATE_,COLONYLENGTH,MAX_DEPTH_M,Area_surveyed_m2,SITE,PER_DEAD,LATITUDE,LONGITUDE,YEAR,TAIL_BINS,Data_Source,Bleaching_Period
2/28/2015,8,12.80098,10,TUT-01715,0,-14.29025,-170.5505,2015,Q20,ncrmp2,Pre-Bleaching
3/2/2015,26,15.84883,10,TUT-01858,10,-14.28371,-170.6284,2015,QMED,ncrmp2,Pre-Bleaching
3/2/2015,25,15.84883,10,TUT-01858,20,-14.28371,-170.6284,2015,QMED,ncrmp2,Pre-Bleaching
3/2/2015,23,11.27705,10,TUT-01913,0,-14.27307,-170.5708,2015,QMED,ncrmp2,Pre-Bleaching
3/3/2015,6,15.54404,10,TUT-01551,0,-14.24987,-170.5623,2015,Q20,ncrmp2,Pre-Bleaching
3/3/2015,26,15.54404,10,TUT-01551,55,-14.24987,-170.5623,2015,QMED,ncrmp2,Pre-Bleaching
3/3/2015,21,15.54404,10,TUT-01551,5,-14.24987,-170.5623,2015,QMED,ncrmp2,Pre-Bleaching
3/3/2015,7,15.54404,10,TUT-01551,0,-14.24987,-170.5623,2015,Q20,ncrmp2,Pre-Bleaching
3/6/2015,31,14.62969,10,TUT-02086,0,-14.3546,-170.7873,2015,QMED,ncrmp2,Pre-Bleaching
3/6/2015,6,14.62969,10,TUT-02086,15,-14.3546,-170.7873,2015,Q20,ncrmp2,Pre-Bleaching
3/6/2015,33,14.62969,10,TUT-02086,0,-14.3546,-170.7873,2015,QMED,ncrmp2,Pre-Bleaching
3/27/2015,40,16.76318,10,TUT-01962,30,-14.36487,-170.7433,2015,QMED,ncrmp2,Pre-Bleaching
3/27/2015,17,16.76318,10,TUT-01962,5,-14.36487,-170.7433,2015,QMED,ncrmp2,Pre-Bleaching
3/27/2015,32,16.76318,10,TUT-01962,95,-14.36487,-170.7433,2015,QMED,ncrmp2,Pre-Bleaching
3/27/2015,12,14.62969,10,TUT-02014,0,-14.36251,-170.7658,2015,Q20,ncrmp2,Pre-Bleaching
3/27/2015,11,14.62969,10,TUT-02014,0,-14.36251,-170.7658,2015,Q20,ncrmp2,Pre-Bleaching
3/28/2015,42,17.67754,10,TUT-01795,10,-14.27577,-170.5465,2015,Q80,ncrmp2,Pre-Bleaching
3/28/2015,16,17.67754,10,TUT-01795,0,-14.27577,-170.5465,2015,QMED,ncrmp2,Pre-Bleaching
3/28/2015,11,17.67754,10,TUT-01795,0,-14.27577,-170.5465,2015,Q20,ncrmp2,Pre-Bleaching
3/28/2015,22,17.67754,10,TUT-01795,15,-14.27577,-170.5465,2015,QMED,ncrmp2,Pre-Bleaching
3/28/2015,15,17.67754,10,TUT-01795,0,-14.27577,-170.5465,2015,QMED,ncrmp2,Pre-Bleaching
3/28/2015,29,17.67754,10,TUT-01795,0,-14.27577,-170.5465,2015,QMED,ncrmp2,Pre-Bleaching
3/28/2015,12,17.67754,10,TUT-01795,0,-14.27577,-170.5465,2015,Q20,ncrmp2,Pre-Bleaching
3/29/2015,21,17.37275,10,TUT-01785,0,-14.27784,-170.545,2015,QMED,ncrmp2,Pre-Bleaching
3/29/2015,10,17.37275,10,TUT-01785,0,-14.27784,-170.545,2015,Q20,ncrmp2,Pre-Bleaching
3/29/2015,15,17.37275,10,TUT-01785,0,-14.27784,-170.545,2015,QMED,ncrmp2,Pre-Bleaching
3/29/2015,47,17.37275,10,TUT-01785,10,-14.27784,-170.545,2015,Q80,ncrmp2,Pre-Bleaching
3/29/2015,26,17.37275,10,TUT-01785,5,-14.27784,-170.545,2015,QMED,ncrmp2,Pre-Bleaching
3/29/2015,15,17.37275,10,TUT-01785,0,-14.27784,-170.545,2015,QMED,ncrmp2,Pre-Bleaching
3/29/2015,7,17.37275,10,TUT-01785,0,-14.27784,-170.545,2015,Q20,ncrmp2,Pre-Bleaching
3/29/2015,48,17.37275,10,TUT-01785,50,-14.27784,-170.545,2015,Q80,ncrmp2,Pre-Bleaching
3/29/2015,6,17.37275,10,TUT-01785,0,-14.27784,-170.545,2015,Q20,ncrmp2,Pre-Bleaching
3/29/2015,29,17.37275,10,TUT-01785,10,-14.27784,-170.545,2015,QMED,ncrmp2,Pre-Bleaching
3/29/2015,20,14.02012,10,TUT-01855,5,-14.28335,-170.5627,2015,QMED,ncrmp2,Pre-Bleaching
3/29/2015,73,15.54404,10,TUT-01872,5,-14.2862,-170.6001,2015,Q80,ncrmp2,Pre-Bleaching
3/29/2015,16,15.54404,10,TUT-01872,3,-14.2862,-170.6001,2015,QMED,ncrmp2,Pre-Bleaching
3/29/2015,41,15.54404,10,TUT-01872,5,-14.2862,-170.6001,2015,Q80,ncrmp2,Pre-Bleaching
3/29/2015,9,15.54404,10,TUT-01872,0,-14.2862,-170.6001,2015,Q20,ncrmp2,Pre-Bleaching
3/29/2015,5,15.54404,10,TUT-01872,20,-14.2862,-170.6001,2015,Q20,ncrmp2,Pre-Bleaching
3/29/2015,8,15.54404,10,TUT-01872,10,-14.2862,-170.6001,2015,Q20,ncrmp2,Pre-Bleaching
3/29/2015,27,15.54404,10,TUT-01872,3,-14.2862,-170.6001,2015,QMED,ncrmp2,Pre-Bleaching
3/29/2015,28,15.54404,10,TUT-01872,0,-14.2862,-170.6001,2015,QMED,ncrmp2,Pre-Bleaching
3/29/2015,26,15.54404,10,TUT-01872,0,-14.2862,-170.6001,2015,QMED,ncrmp2,Pre-Bleaching
3/29/2015,9,15.54404,10,TUT-01872,0,-14.2862,-170.6001,2015,Q20,ncrmp2,Pre-Bleaching
3/29/2015,14,15.54404,10,TUT-01872,2,-14.2862,-170.6001,2015,QMED,ncrmp2,Pre-Bleaching
3/29/2015,37,15.54404,10,TUT-01872,5,-14.2862,-170.6001,2015,QMED,ncrmp2,Pre-Bleaching
3/29/2015,13,15.54404,10,TUT-01872,1,-14.2862,-170.6001,2015,QMED,ncrmp2,Pre-Bleaching
3/29/2015,40,15.54404,10,TUT-01872,3,-14.2862,-170.6001,2015,QMED,ncrmp2,Pre-Bleaching
3/29/2015,20,15.54404,10,TUT-01872,5,-14.2862,-170.6001,2015,QMED,ncrmp2,Pre-Bleaching
3/29/2015,19,15.54404,10,TUT-01872,1,-14.2862,-170.6001,2015,QMED,ncrmp2,Pre-Bleaching
3/29/2015,23,15.54404,10,TUT-01872,3,-14.2862,-170.6001,2015,QMED,ncrmp2,Pre-Bleaching
3/29/2015,6,15.54404,10,TUT-01872,0,-14.2862,-170.6001,2015,Q20,ncrmp2,Pre-Bleaching
3/30/2015,58,17.06797,10,TUT-01878,8,-14.29355,-170.6533,2015,Q80,ncrmp2,Pre-Bleaching
7/17/2018,7,13.71533,10,TUT-03020,0,-14.33662,-170.8041,2018,Q20,ncrmp2,Pre-Bleaching
7/17/2018,50,13.71533,10,TUT-03020,5,-14.33662,-170.8041,2018,Q80,ncrmp2,Pre-Bleaching
7/17/2018,46,13.71533,10,TUT-03020,85,-14.33662,-170.8041,2018,Q80,ncrmp2,Pre-Bleaching
7/17/2018,5,13.71533,10,TUT-03020,0,-14.33662,-170.8041,2018,Q20,ncrmp2,Pre-Bleaching
7/17/2018,7,13.71533,10,TUT-03020,0,-14.33662,-170.8041,2018,Q20,ncrmp2,Pre-Bleaching
7/17/2018,42,13.71533,10,TUT-03020,0,-14.33662,-170.8041,2018,Q80,ncrmp2,Pre-Bleaching
7/17/2018,38,13.71533,10,TUT-03020,0,-14.33662,-170.8041,2018,QMED,ncrmp2,Pre-Bleaching
7/17/2018,54,13.71533,10,TUT-03020,15,-14.33662,-170.8041,2018,Q80,ncrmp2,Pre-Bleaching
7/17/2018,50,13.71533,10,TUT-03020,5,-14.33662,-170.8041,2018,Q80,ncrmp2,Pre-Bleaching
7/17/2018,22,13.71533,10,TUT-03020,0,-14.33662,-170.8041,2018,QMED,ncrmp2,Pre-Bleaching
7/17/2018,54,13.71533,10,TUT-03020,40,-14.33662,-170.8041,2018,Q80,ncrmp2,Pre-Bleaching
7/17/2018,9,13.71533,10,TUT-03020,10,-14.33662,-170.8041,2018,Q20,ncrmp2,Pre-Bleaching
7/17/2018,14,13.71533,10,TUT-03020,0,-14.33662,-170.8041,2018,QMED,ncrmp2,Pre-Bleaching
7/17/2018,7,13.71533,10,TUT-03020,0,-14.33662,-170.8041,2018,Q20,ncrmp2,Pre-Bleaching
7/17/2018,52,13.71533,10,TUT-03020,10,-14.33662,-170.8041,2018,Q80,ncrmp2,Pre-Bleaching
7/17/2018,12,13.71533,10,TUT-03020,0,-14.33662,-170.8041,2018,Q20,ncrmp2,Pre-Bleaching
7/17/2018,22,13.71533,10,TUT-03020,0,-14.33662,-170.8041,2018,QMED,ncrmp2,Pre-Bleaching
7/17/2018,20,13.71533,10,TUT-03020,5,-14.33662,-170.8041,2018,QMED,ncrmp2,Pre-Bleaching
7/17/2018,20,13.71533,10,TUT-03020,5,-14.33662,-170.8041,2018,QMED,ncrmp2,Pre-Bleaching
7/17/2018,15,13.71533,10,TUT-03020,10,-14.33662,-170.8041,2018,QMED,ncrmp2,Pre-Bleaching
7/17/2018,33,13.71533,10,TUT-03020,10,-14.33662,-170.8041,2018,QMED,ncrmp2,Pre-Bleaching
7/17/2018,70,13.71533,10,TUT-03020,25,-14.33662,-170.8041,2018,Q80,ncrmp2,Pre-Bleaching
7/17/2018,17,13.71533,10,TUT-03020,10,-14.33662,-170.8041,2018,QMED,ncrmp2,Pre-Bleaching
7/17/2018,50,13.71533,10,TUT-03020,10,-14.33662,-170.8041,2018,Q80,ncrmp2,Pre-Bleaching
7/17/2018,21,13.71533,10,TUT-03020,0,-14.33662,-170.8041,2018,QMED,ncrmp2,Pre-Bleaching
7/17/2018,43,13.71533,10,TUT-03020,15,-14.33662,-170.8041,2018,Q80,ncrmp2,Pre-Bleaching
7/17/2018,16,13.71533,10,TUT-03020,20,-14.33662,-170.8041,2018,QMED,ncrmp2,Pre-Bleaching
7/17/2018,12,13.71533,10,TUT-03020,0,-14.33662,-170.8041,2018,Q20,ncrmp2,Pre-Bleaching
7/17/2018,8,13.71533,10,TUT-03020,0,-14.33662,-170.8041,2018,Q20,ncrmp2,Pre-Bleaching
7/17/2018,23,13.71533,10,TUT-03020,5,-14.33662,-170.8041,2018,QMED,ncrmp2,Pre-Bleaching
7/17/2018,21,13.71533,10,TUT-03020,2,-14.33662,-170.8041,2018,QMED,ncrmp2,Pre-Bleaching
7/17/2018,7,13.71533,10,TUT-03020,0,-14.33662,-170.8041,2018,Q20,ncrmp2,Pre-Bleaching
7/17/2018,42,13.71533,10,TUT-03020,15,-14.33662,-170.8041,2018,Q80,ncrmp2,Pre-Bleaching
7/17/2018,25,13.71533,10,TUT-03020,2,-14.33662,-170.8041,2018,QMED,ncrmp2,Pre-Bleaching
7/17/2018,29,13.71533,10,TUT-03020,0,-14.33662,-170.8041,2018,QMED,ncrmp2,Pre-Bleaching
7/17/2018,13,13.71533,10,TUT-03020,0,-14.33662,-170.8041,2018,QMED,ncrmp2,Pre-Bleaching
7/17/2018,6,13.71533,10,TUT-03020,0,-14.33662,-170.8041,2018,Q20,ncrmp2,Pre-Bleaching
7/17/2018,18,16.15361,10,TUT-03021,0,-14.34374,-170.7891,2018,QMED,ncrmp2,Pre-Bleaching
7/17/2018,40,16.15361,10,TUT-03021,0,-14.34374,-170.7891,2018,QMED,ncrmp2,Pre-Bleaching
7/17/2018,10,16.15361,10,TUT-03021,0,-14.34374,-170.7891,2018,Q20,ncrmp2,Pre-Bleaching
7/17/2018,21,16.15361,10,TUT-03021,0,-14.34374,-170.7891,2018,QMED,ncrmp2,Pre-Bleaching
7/17/2018,28,16.15361,10,TUT-03021,10,-14.34374,-170.7891,2018,QMED,ncrmp2,Pre-Bleaching
7/17/2018,22,16.15361,10,TUT-03021,2,-14.34374,-170.7891,2018,QMED,ncrmp2,Pre-Bleaching
7/17/2018,33,16.15361,10,TUT-03021,1,-14.34374,-170.7891,2018,QMED,ncrmp2,Pre-Bleaching
4/8/2023,12,10.66748,10,TUT-05876,0,-14.33024,-170.8126,2023,Q20,ncrmp2,Pre-Bleaching
4/8/2023,18,10.66748,10,TUT-05876,0,-14.33024,-170.8126,2023,QMED,ncrmp2,Pre-Bleaching
4/8/2023,60,10.66748,10,TUT-05876,25,-14.33024,-170.8126,2023,Q80,ncrmp2,Pre-Bleaching
4/8/2023,36,10.66748,10,TUT-05876,1,-14.33024,-170.8126,2023,QMED,ncrmp2,Pre-Bleaching
4/8/2023,6,10.66748,10,TUT-05876,0,-14.33024,-170.8126,2023,Q20,ncrmp2,Pre-Bleaching
4/8/2023,26,10.66748,10,TUT-05876,5,-14.33024,-170.8126,2023,QMED,ncrmp2,Pre-Bleaching
4/8/2023,8,10.66748,10,TUT-05876,0,-14.33024,-170.8126,2023,Q20,ncrmp2,Pre-Bleaching
4/8/2023,10,10.66748,10,TUT-05876,0,-14.33024,-170.8126,2023,Q20,ncrmp2,Pre-Bleaching
4/8/2023,14,10.66748,10,TUT-05876,1,-14.33024,-170.8126,2023,QMED,ncrmp2,Pre-Bleaching
4/8/2023,62,10.66748,10,TUT-05876,2,-14.33024,-170.8126,2023,Q80,ncrmp2,Pre-Bleaching
4/8/2023,21,10.66748,10,TUT-05876,5,-14.33024,-170.8126,2023,QMED,ncrmp2,Pre-Bleaching
4/8/2023,24,10.66748,10,TUT-05876,3,-14.33024,-170.8126,2023,QMED,ncrmp2,Pre-Bleaching
4/8/2023,22,10.66748,10,TUT-05876,12,-14.33024,-170.8126,2023,QMED,ncrmp2,Pre-Bleaching
4/8/2023,43,10.66748,10,TUT-05876,4,-14.33024,-170.8126,2023,Q80,ncrmp2,Pre-Bleaching
4/8/2023,90,10.66748,10,TUT-05876,5,-14.33024,-170.8126,2023,Q80,ncrmp2,Pre-Bleaching
4/8/2023,16,10.66748,10,TUT-05876,1,-14.33024,-170.8126,2023,QMED,ncrmp2,Pre-Bleaching
4/8/2023,55,10.66748,10,TUT-05876,5,-14.33024,-170.8126,2023,Q80,ncrmp2,Pre-Bleaching
4/8/2023,27,10.66748,10,TUT-05876,5,-14.33024,-170.8126,2023,QMED,ncrmp2,Pre-Bleaching
4/8/2023,30,10.66748,10,TUT-05876,2,-14.33024,-170.8126,2023,QMED,ncrmp2,Pre-Bleaching
4/8/2023,43,10.66748,10,TUT-05876,5,-14.33024,-170.8126,2023,Q80,ncrmp2,Pre-Bleaching
4/8/2023,23,10.66748,10,TUT-05876,2,-14.33024,-170.8126,2023,QMED,ncrmp2,Pre-Bleaching
4/8/2023,7,10.66748,10,TUT-05876,5,-14.33024,-170.8126,2023,Q20,ncrmp2,Pre-Bleaching
4/8/2023,65,10.66748,10,TUT-05876,2,-14.33024,-170.8126,2023,Q80,ncrmp2,Pre-Bleaching
4/8/2023,90,10.66748,10,TUT-05876,35,-14.33024,-170.8126,2023,Q80,ncrmp2,Pre-Bleaching
4/8/2023,7,10.66748,10,TUT-05876,0,-14.33024,-170.8126,2023,Q20,ncrmp2,Pre-Bleaching
4/8/2023,6,10.66748,10,TUT-05876,0,-14.33024,-170.8126,2023,Q20,ncrmp2,Pre-Bleaching
4/8/2023,18,10.66748,10,TUT-05876,2,-14.33024,-170.8126,2023,QMED,ncrmp2,Pre-Bleaching
4/8/2023,33,10.66748,10,TUT-05876,3,-14.33024,-170.8126,2023,QMED,ncrmp2,Pre-Bleaching
4/8/2023,25,10.66748,10,TUT-05876,1,-14.33024,-170.8126,2023,QMED,ncrmp2,Pre-Bleaching
4/8/2023,45,10.66748,10,TUT-05876,6,-14.33024,-170.8126,2023,Q80,ncrmp2,Pre-Bleaching
4/8/2023,27,10.66748,10,TUT-05876,5,-14.33024,-170.8126,2023,QMED,ncrmp2,Pre-Bleaching
4/8/2023,52,10.66748,10,TUT-05876,6,-14.33024,-170.8126,2023,Q80,ncrmp2,Pre-Bleaching
4/8/2023,15,10.66748,10,TUT-05876,3,-14.33024,-170.8126,2023,QMED,ncrmp2,Pre-Bleaching
4/8/2023,12,10.66748,10,TUT-05876,0,-14.33024,-170.8126,2023,Q20,ncrmp2,Pre-Bleaching
4/8/2023,30,10.66748,10,TUT-05876,25,-14.33024,-170.8126,2023,QMED,ncrmp2,Pre-Bleaching
4/8/2023,40,10.66748,10,TUT-05876,1,-14.33024,-170.8126,2023,QMED,ncrmp2,Pre-Bleaching
4/8/2023,41,10.66748,10,TUT-05876,2,-14.33024,-170.8126,2023,Q80,ncrmp2,Pre-Bleaching
4/8/2023,54,10.66748,10,TUT-05876,3,-14.33024,-170.8126,2023,Q80,ncrmp2,Pre-Bleaching
4/8/2023,42,10.66748,10,TUT-05876,8,-14.33024,-170.8126,2023,Q80,ncrmp2,Pre-Bleaching
4/8/2023,60,10.66748,10,TUT-05876,5,-14.33024,-170.8126,2023,Q80,ncrmp2,Pre-Bleaching
4/8/2023,16,10.66748,10,TUT-05876,0,-14.33024,-170.8126,2023,QMED,ncrmp2,Pre-Bleaching
4/8/2023,116,10.66748,10,TUT-05876,3,-14.33024,-170.8126,2023,Q80,ncrmp2,Pre-Bleaching
4/8/2023,24,10.66748,10,TUT-05876,3,-14.33024,-170.8126,2023,QMED,ncrmp2,Pre-Bleaching
4/8/2023,15,10.66748,10,TUT-05876,0,-14.33024,-170.8126,2023,QMED,ncrmp2,Pre-Bleaching
4/8/2023,63,10.66748,10,TUT-05876,3,-14.33024,-170.8126,2023,Q80,ncrmp2,Pre-Bleaching
4/8/2023,7,10.66748,10,TUT-05876,0,-14.33024,-170.8126,2023,Q20,ncrmp2,Pre-Bleaching
4/8/2023,40,10.66748,10,TUT-05876,25,-14.33024,-170.8126,2023,QMED,ncrmp2,Pre-Bleaching
4/8/2023,12,10.66748,10,TUT-05876,0,-14.33024,-170.8126,2023,Q20,ncrmp2,Pre-Bleaching
4/8/2023,6,10.66748,10,TUT-05876,0,-14.33024,-170.8126,2023,Q20,ncrmp2,Pre-Bleaching
4/8/2023,10,10.66748,10,TUT-05876,3,-14.33024,-170.8126,2023,Q20,ncrmp2,Pre-Bleaching
4/8/2023,13,10.66748,10,TUT-05876,0,-14.33024,-170.8126,2023,QMED,ncrmp2,Pre-Bleaching
4/8/2023,33,10.66748,10,TUT-05876,5,-14.33024,-170.8126,2023,QMED,ncrmp2,Pre-Bleaching
4/8/2023,22,10.66748,10,TUT-05876,5,-14.33024,-170.8126,2023,QMED,ncrmp2,Pre-Bleaching
4/8/2023,44,10.66748,10,TUT-05876,3,-14.33024,-170.8126,2023,Q80,ncrmp2,Pre-Bleaching
4/8/2023,31,10.66748,10,TUT-05876,5,-14.33024,-170.8126,2023,QMED,ncrmp2,Pre-Bleaching
4/8/2023,31,10.66748,10,TUT-05876,3,-14.33024,-170.8126,2023,QMED,ncrmp2,Pre-Bleaching
4/8/2023,45,10.66748,10,TUT-05876,3,-14.33024,-170.8126,2023,Q80,ncrmp2,Pre-Bleaching
4/8/2023,14,10.66748,10,TUT-05876,0,-14.33024,-170.8126,2023,QMED,ncrmp2,Pre-Bleaching
4/8/2023,39,10.66748,10,TUT-05876,5,-14.33024,-170.8126,2023,QMED,ncrmp2,Pre-Bleaching
4/8/2023,25,10.66748,10,TUT-05876,0,-14.33024,-170.8126,2023,QMED,ncrmp2,Pre-Bleaching
4/8/2023,35,10.66748,10,TUT-05876,50,-14.33024,-170.8126,2023,QMED,ncrmp2,Pre-Bleaching
4/8/2023,13,10.66748,10,TUT-05876,5,-14.33024,-170.8126,2023,QMED,ncrmp2,Pre-Bleaching
4/8/2023,6,10.66748,10,TUT-05876,0,-14.33024,-170.8126,2023,Q20,ncrmp2,Pre-Bleaching
4/8/2023,40,10.66748,10,TUT-05876,5,-14.33024,-170.8126,2023,QMED,ncrmp2,Pre-Bleaching
4/8/2023,34,10.66748,10,TUT-05876,1,-14.33024,-170.8126,2023,QMED,ncrmp2,Pre-Bleaching
4/8/2023,13,10.66748,10,TUT-05876,35,-14.33024,-170.8126,2023,QMED,ncrmp2,Pre-Bleaching
4/8/2023,40,10.66748,10,TUT-05876,1,-14.33024,-170.8126,2023,QMED,ncrmp2,Pre-Bleaching
4/8/2023,75,10.66748,10,TUT-05876,8,-14.33024,-170.8126,2023,Q80,ncrmp2,Pre-Bleaching
4/8/2023,45,10.66748,10,TUT-05876,35,-14.33024,-170.8126,2023,Q80,ncrmp2,Pre-Bleaching
4/8/2023,23,13.41055,10,TUT-05878,6,-14.33439,-170.8186,2023,QMED,ncrmp2,Pre-Bleaching
4/8/2023,14,13.41055,10,TUT-05878,1,-14.33439,-170.8186,2023,QMED,ncrmp2,Pre-Bleaching
4/8/2023,13,13.41055,10,TUT-05878,2,-14.33439,-170.8186,2023,QMED,ncrmp2,Pre-Bleaching
4/8/2023,32,13.41055,10,TUT-05878,11,-14.33439,-170.8186,2023,QMED,ncrmp2,Pre-Bleaching
4/8/2023,26,13.41055,10,TUT-05878,15,-14.33439,-170.8186,2023,QMED,ncrmp2,Pre-Bleaching
4/8/2023,24,13.41055,10,TUT-05884,3,-14.3359,-170.8031,2023,QMED,ncrmp2,Pre-Bleaching
4/8/2023,46,13.41055,10,TUT-05884,10,-14.3359,-170.8031,2023,Q80,ncrmp2,Pre-Bleaching
4/8/2023,12,13.41055,10,TUT-05884,0,-14.3359,-170.8031,2023,Q20,ncrmp2,Pre-Bleaching
4/8/2023,11,13.41055,10,TUT-05884,0,-14.3359,-170.8031,2023,Q20,ncrmp2,Pre-Bleaching
4/8/2023,75,13.41055,10,TUT-05884,30,-14.3359,-170.8031,2023,Q80,ncrmp2,Pre-Bleaching
4/8/2023,18,13.41055,10,TUT-05884,0,-14.3359,-170.8031,2023,QMED,ncrmp2,Pre-Bleaching
4/8/2023,21,13.41055,10,TUT-05884,3,-14.3359,-170.8031,2023,QMED,ncrmp2,Pre-Bleaching
4/12/2023,15,9.448339,10,TUT-05864,2,-14.33746,-170.7125,2023,QMED,ncrmp2,Pre-Bleaching
4/12/2023,52,10.36269,10,TUT-05865,5,-14.30053,-170.675,2023,Q80,ncrmp2,Pre-Bleaching
4/17/2023,16,14.93447,10,TUT-05743,5,-14.27975,-170.6196,2023,QMED,ncrmp2,Pre-Bleaching
4/17/2023,6,12.19141,10,TUT-05853,0,-14.28321,-170.6246,2023,Q20,ncrmp2,Pre-Bleaching
4/17/2023,12,12.19141,10,TUT-05853,0,-14.28321,-170.6246,2023,Q20,ncrmp2,Pre-Bleaching
4/17/2023,19,12.19141,10,TUT-05853,0,-14.28321,-170.6246,2023,QMED,ncrmp2,Pre-Bleaching
4/17/2023,27,12.19141,10,TUT-05853,0,-14.28321,-170.6246,2023,QMED,ncrmp2,Pre-Bleaching
4/17/2023,11,12.19141,10,TUT-05853,0,-14.28321,-170.6246,2023,Q20,ncrmp2,Pre-Bleaching
4/17/2023,8,12.19141,10,TUT-05853,20,-14.28321,-170.6246,2023,Q20,ncrmp2,Pre-Bleaching
4/17/2023,40,12.19141,10,TUT-05853,3,-14.28321,-170.6246,2023,QMED,ncrmp2,Pre-Bleaching
4/17/2023,14,12.80098,10,TUT-05863,0,-14.28309,-170.607,2023,QMED,ncrmp2,Pre-Bleaching
4/17/2023,25,12.80098,10,TUT-05863,0,-14.28309,-170.607,2023,QMED,ncrmp2,Pre-Bleaching
4/17/2023,42,12.80098,10,TUT-05863,10,-14.28309,-170.607,2023,Q80,ncrmp2,Pre-Bleaching
4/17/2023,16,12.80098,10,TUT-05863,25,-14.28309,-170.607,2023,QMED,ncrmp2,Pre-Bleaching
4/17/2023,27,12.80098,10,TUT-05863,55,-14.28309,-170.607,2023,QMED,ncrmp2,Pre-Bleaching
4/17/2023,21,12.80098,10,TUT-05863,0,-14.28309,-170.607,2023,QMED,ncrmp2,Pre-Bleaching
4/17/2023,38,12.80098,10,TUT-05863,5,-14.28309,-170.607,2023,QMED,ncrmp2,Pre-Bleaching
4/17/2023,18,12.80098,10,TUT-05863,0,-14.28309,-170.607,2023,QMED,ncrmp2,Pre-Bleaching
4/17/2023,26,12.80098,10,TUT-05863,0,-14.28309,-170.607,2023,QMED,ncrmp2,Pre-Bleaching
4/17/2023,12,12.80098,10,TUT-05863,0,-14.28309,-170.607,2023,Q20,ncrmp2,Pre-Bleaching
4/17/2023,13,12.80098,10,TUT-05863,0,-14.28309,-170.607,2023,QMED,ncrmp2,Pre-Bleaching
4/17/2023,106,12.80098,10,TUT-05863,55,-14.28309,-170.607,2023,Q80,ncrmp2,Pre-Bleaching
4/17/2023,27,12.80098,10,TUT-05863,0,-14.28309,-170.607,2023,QMED,ncrmp2,Pre-Bleaching
4/17/2023,13,12.80098,10,TUT-05863,5,-14.28309,-170.607,2023,QMED,ncrmp2,Pre-Bleaching
4/17/2023,17,12.80098,10,TUT-05863,3,-14.28309,-170.607,2023,QMED,ncrmp2,Pre-Bleaching
4/17/2023,41,12.80098,10,TUT-05863,0,-14.28309,-170.607,2023,Q80,ncrmp2,Pre-Bleaching
4/17/2023,36,12.80098,10,TUT-05863,5,-14.28309,-170.607,2023,QMED,ncrmp2,Pre-Bleaching
4/17/2023,5,12.80098,10,TUT-05863,0,-14.28309,-170.607,2023,Q20,ncrmp2,Pre-Bleaching
4/17/2023,23,12.80098,10,TUT-05863,40,-14.28309,-170.607,2023,QMED,ncrmp2,Pre-Bleaching
4/17/2023,20,12.80098,10,TUT-05863,0,-14.28309,-170.607,2023,QMED,ncrmp2,Pre-Bleaching
4/17/2023,24,12.80098,10,TUT-05863,0,-14.28309,-170.607,2023,QMED,ncrmp2,Pre-Bleaching
4/17/2023,29,12.80098,10,TUT-05863,5,-14.28309,-170.607,2023,QMED,ncrmp2,Pre-Bleaching
4/17/2023,16,12.80098,10,TUT-05863,0,-14.28309,-170.607,2023,QMED,ncrmp2,Pre-Bleaching
4/17/2023,46,12.80098,10,TUT-05863,10,-14.28309,-170.607,2023,Q80,ncrmp2,Pre-Bleaching
4/17/2023,30,12.80098,10,TUT-05863,5,-14.28309,-170.607,2023,QMED,ncrmp2,Pre-Bleaching
4/17/2023,62,12.80098,10,TUT-05863,2,-14.28309,-170.607,2023,Q80,ncrmp2,Pre-Bleaching
4/17/2023,13,12.80098,10,TUT-05863,5,-14.28309,-170.607,2023,QMED,ncrmp2,Pre-Bleaching
4/17/2023,31,12.80098,10,TUT-05863,1,-14.28309,-170.607,2023,QMED,ncrmp2,Pre-Bleaching
4/17/2023,30,12.80098,10,TUT-05863,2,-14.28309,-170.607,2023,QMED,ncrmp2,Pre-Bleaching
4/17/2023,13,12.80098,10,TUT-05863,0,-14.28309,-170.607,2023,QMED,ncrmp2,Pre-Bleaching
4/17/2023,40,12.80098,10,TUT-05863,0,-14.28309,-170.607,2023,QMED,ncrmp2,Pre-Bleaching
4/17/2023,42,12.80098,10,TUT-05863,0,-14.28309,-170.607,2023,Q80,ncrmp2,Pre-Bleaching
4/17/2023,10,12.80098,10,TUT-05863,10,-14.28309,-170.607,2023,Q20,ncrmp2,Pre-Bleaching
4/17/2023,63,12.80098,10,TUT-05863,55,-14.28309,-170.607,2023,Q80,ncrmp2,Pre-Bleaching
4/17/2023,22,12.80098,10,TUT-05863,0,-14.28309,-170.607,2023,QMED,ncrmp2,Pre-Bleaching
4/17/2023,27,12.80098,10,TUT-05863,1,-14.28309,-170.607,2023,QMED,ncrmp2,Pre-Bleaching
4/17/2023,6,12.80098,10,TUT-05863,0,-14.28309,-170.607,2023,Q20,ncrmp2,Pre-Bleaching
4/17/2023,5,12.80098,10,TUT-05863,10,-14.28309,-170.607,2023,Q20,ncrmp2,Pre-Bleaching
4/17/2023,25,12.80098,10,TUT-05863,90,-14.28309,-170.607,2023,QMED,ncrmp2,Pre-Bleaching
4/17/2023,37,12.80098,10,TUT-05863,15,-14.28309,-170.607,2023,QMED,ncrmp2,Pre-Bleaching
4/17/2023,30,12.80098,10,TUT-05863,1,-14.28309,-170.607,2023,QMED,ncrmp2,Pre-Bleaching
4/17/2023,65,12.80098,10,TUT-05863,50,-14.28309,-170.607,2023,Q80,ncrmp2,Pre-Bleaching
4/17/2023,24,12.80098,10,TUT-05863,30,-14.28309,-170.607,2023,QMED,ncrmp2,Pre-Bleaching
4/17/2023,30,12.80098,10,TUT-05863,10,-14.28309,-170.607,2023,QMED,ncrmp2,Pre-Bleaching
4/17/2023,16,12.80098,10,TUT-05863,0,-14.28309,-170.607,2023,QMED,ncrmp2,Pre-Bleaching
4/17/2023,17,12.80098,10,TUT-05863,0,-14.28309,-170.607,2023,QMED,ncrmp2,Pre-Bleaching
4/17/2023,22,12.80098,10,TUT-05863,20,-14.28309,-170.607,2023,QMED,ncrmp2,Pre-Bleaching
4/17/2023,14,12.80098,10,TUT-05863,0,-14.28309,-170.607,2023,QMED,ncrmp2,Pre-Bleaching
4/17/2023,12,12.80098,10,TUT-05863,1,-14.28309,-170.607,2023,Q20,ncrmp2,Pre-Bleaching
4/17/2023,35,12.80098,10,TUT-05863,10,-14.28309,-170.607,2023,QMED,ncrmp2,Pre-Bleaching
4/17/2023,30,12.80098,10,TUT-05863,0,-14.28309,-170.607,2023,QMED,ncrmp2,Pre-Bleaching
4/17/2023,31,12.80098,10,TUT-05863,0,-14.28309,-170.607,2023,QMED,ncrmp2,Pre-Bleaching
4/17/2023,23,12.80098,10,TUT-05863,0,-14.28309,-170.607,2023,QMED,ncrmp2,Pre-Bleaching
4/17/2023,27,12.80098,10,TUT-05863,3,-14.28309,-170.607,2023,QMED,ncrmp2,Pre-Bleaching
4/17/2023,36,12.80098,10,TUT-05863,10,-14.28309,-170.607,2023,QMED,ncrmp2,Pre-Bleaching
4/17/2023,36,12.80098,10,TUT-05863,2,-14.28309,-170.607,2023,QMED,ncrmp2,Pre-Bleaching
4/17/2023,20,12.80098,10,TUT-05863,0,-14.28309,-170.607,2023,QMED,ncrmp2,Pre-Bleaching
4/17/2023,24,12.80098,10,TUT-05863,0,-14.28309,-170.607,2023,QMED,ncrmp2,Pre-Bleaching
4/17/2023,22,12.80098,10,TUT-05863,0,-14.28309,-170.607,2023,QMED,ncrmp2,Pre-Bleaching
4/17/2023,20,12.80098,10,TUT-05863,3,-14.28309,-170.607,2023,QMED,ncrmp2,Pre-Bleaching
4/17/2023,5,12.80098,10,TUT-05863,0,-14.28309,-170.607,2023,Q20,ncrmp2,Pre-Bleaching
4/17/2023,8,12.80098,10,TUT-05863,0,-14.28309,-170.607,2023,Q20,ncrmp2,Pre-Bleaching
4/17/2023,35,12.80098,10,TUT-05863,28,-14.28309,-170.607,2023,QMED,ncrmp2,Pre-Bleaching
4/17/2023,29,12.80098,10,TUT-05863,3,-14.28309,-170.607,2023,QMED,ncrmp2,Pre-Bleaching
4/18/2023,22,7.924413,10,TUT-05795,80,-14.36406,-170.7618,2023,QMED,ncrmp2,Pre-Bleaching
4/18/2023,14,7.924413,10,TUT-05795,0,-14.36406,-170.7618,2023,QMED,ncrmp2,Pre-Bleaching
4/18/2023,6,7.924413,10,TUT-05795,0,-14.36406,-170.7618,2023,Q20,ncrmp2,Pre-Bleaching
4/18/2023,20,7.924413,10,TUT-05795,8,-14.36406,-170.7618,2023,QMED,ncrmp2,Pre-Bleaching
4/18/2023,14,7.924413,10,TUT-05795,5,-14.36406,-170.7618,2023,QMED,ncrmp2,Pre-Bleaching
4/18/2023,27,7.924413,10,TUT-05795,3,-14.36406,-170.7618,2023,QMED,ncrmp2,Pre-Bleaching
4/18/2023,13,7.924413,10,TUT-05795,0,-14.36406,-170.7618,2023,QMED,ncrmp2,Pre-Bleaching
4/18/2023,48,7.924413,10,TUT-05795,20,-14.36406,-170.7618,2023,Q80,ncrmp2,Pre-Bleaching
4/18/2023,48,7.924413,10,TUT-05795,2,-14.36406,-170.7618,2023,Q80,ncrmp2,Pre-Bleaching
4/18/2023,28,7.924413,10,TUT-05795,5,-14.36406,-170.7618,2023,QMED,ncrmp2,Pre-Bleaching
4/18/2023,28,7.924413,10,TUT-05795,70,-14.36406,-170.7618,2023,QMED,ncrmp2,Pre-Bleaching
4/18/2023,22,7.924413,10,TUT-05795,30,-14.36406,-170.7618,2023,QMED,ncrmp2,Pre-Bleaching
4/18/2023,21,7.924413,10,TUT-05795,13,-14.36406,-170.7618,2023,QMED,ncrmp2,Pre-Bleaching
4/18/2023,26,7.924413,10,TUT-05795,0,-14.36406,-170.7618,2023,QMED,ncrmp2,Pre-Bleaching
4/18/2023,42,7.924413,10,TUT-05795,15,-14.36406,-170.7618,2023,Q80,ncrmp2,Pre-Bleaching
4/18/2023,14,7.924413,10,TUT-05795,0,-14.36406,-170.7618,2023,QMED,ncrmp2,Pre-Bleaching
4/18/2023,43,7.924413,10,TUT-05795,60,-14.36406,-170.7618,2023,Q80,ncrmp2,Pre-Bleaching
4/18/2023,14,7.924413,10,TUT-05795,0,-14.36406,-170.7618,2023,QMED,ncrmp2,Pre-Bleaching
4/19/2023,22,9.753124,10,TUT-05975,0,-14.33703,-170.7108,2023,QMED,ncrmp2,Pre-Bleaching
4/19/2023,9,9.753124,10,TUT-05975,0,-14.33703,-170.7108,2023,Q20,ncrmp2,Pre-Bleaching
7/27/2023,37.41141,,10,TUT-05425,3,-14.36252,-170.7659,2023,QMED,ncrmp2,Pre-Bleaching
7/27/2023,12.88039,,10,TUT-05425,3,-14.36252,-170.7659,2023,QMED,ncrmp2,Pre-Bleaching
7/27/2023,9.152207,,10,TUT-05425,2,-14.36252,-170.7659,2023,Q20,ncrmp2,Pre-Bleaching
7/27/2023,8.652312,,10,TUT-05425,0,-14.36252,-170.7659,2023,Q20,ncrmp2,Pre-Bleaching
3/12/2025,NA,11.5824,60,TUT-214,NA,-14.28309,-170.607,2025,NA,esa,Post-Bleaching
3/12/2025,35,11.5824,60,TUT-214,30,-14.28309,-170.607,2025,QMED,esa,Post-Bleaching
3/12/2025,20,11.5824,60,TUT-214,5,-14.28309,-170.607,2025,QMED,esa,Post-Bleaching
3/12/2025,50,11.5824,60,TUT-214,60,-14.28309,-170.607,2025,Q80,esa,Post-Bleaching
3/12/2025,30,11.5824,60,TUT-214,25,-14.28309,-170.607,2025,QMED,esa,Post-Bleaching
3/12/2025,35,11.5824,60,TUT-214,5,-14.28309,-170.607,2025,QMED,esa,Post-Bleaching
3/12/2025,30,11.5824,60,TUT-214,60,-14.28309,-170.607,2025,QMED,esa,Post-Bleaching
3/12/2025,70,11.5824,60,TUT-214,90,-14.28309,-170.607,2025,Q80,esa,Post-Bleaching
3/12/2025,35,11.5824,60,TUT-214,25,-14.28309,-170.607,2025,QMED,esa,Post-Bleaching
3/12/2025,70,11.5824,60,TUT-214,60,-14.28309,-170.607,2025,Q80,esa,Post-Bleaching
3/12/2025,50,11.5824,60,TUT-214,50,-14.28309,-170.607,2025,Q80,esa,Post-Bleaching
3/12/2025,100,11.5824,60,TUT-214,80,-14.28309,-170.607,2025,Q80,esa,Post-Bleaching
3/12/2025,18,11.5824,60,TUT-214,0,-14.28309,-170.607,2025,QMED,esa,Post-Bleaching
3/12/2025,40,11.5824,60,TUT-214,75,-14.28309,-170.607,2025,QMED,esa,Post-Bleaching
3/12/2025,7,11.5824,60,TUT-214,0,-14.28309,-170.607,2025,Q20,esa,Post-Bleaching
3/12/2025,5,11.5824,60,TUT-214,0,-14.28309,-170.607,2025,Q20,esa,Post-Bleaching
3/12/2025,34,11.5824,60,TUT-214,10,-14.28309,-170.607,2025,QMED,esa,Post-Bleaching
3/12/2025,5,11.5824,60,TUT-214,0,-14.28309,-170.607,2025,Q20,esa,Post-Bleaching
3/12/2025,11,11.5824,60,TUT-214,10,-14.28309,-170.607,2025,Q20,esa,Post-Bleaching
3/12/2025,6,11.5824,60,TUT-214,0,-14.28309,-170.607,2025,Q20,esa,Post-Bleaching
3/12/2025,6,11.5824,60,TUT-214,0,-14.28309,-170.607,2025,Q20,esa,Post-Bleaching
3/12/2025,7,11.5824,60,TUT-214,0,-14.28309,-170.607,2025,Q20,esa,Post-Bleaching
3/12/2025,5,11.5824,60,TUT-214,0,-14.28309,-170.607,2025,Q20,esa,Post-Bleaching
3/12/2025,5,11.5824,60,TUT-214,0,-14.28309,-170.607,2025,Q20,esa,Post-Bleaching
3/12/2025,6,11.5824,60,TUT-214,0,-14.28309,-170.607,2025,Q20,esa,Post-Bleaching
3/12/2025,5,11.5824,60,TUT-214,0,-14.28309,-170.607,2025,Q20,esa,Post-Bleaching
3/12/2025,5,11.5824,60,TUT-214,0,-14.28309,-170.607,2025,Q20,esa,Post-Bleaching
3/12/2025,50,11.5824,60,TUT-214,20,-14.28309,-170.607,2025,Q80,esa,Post-Bleaching
3/12/2025,35,9.144,60,TUT-214,5,-14.28309,-170.607,2025,QMED,esa,Post-Bleaching
3/12/2025,45,9.144,60,TUT-214,95,-14.28309,-170.607,2025,Q80,esa,Post-Bleaching
3/12/2025,15,9.144,60,TUT-214,5,-14.28309,-170.607,2025,QMED,esa,Post-Bleaching
3/12/2025,5,9.144,60,TUT-214,0,-14.28309,-170.607,2025,Q20,esa,Post-Bleaching
3/12/2025,5,9.144,60,TUT-214,0,-14.28309,-170.607,2025,Q20,esa,Post-Bleaching
3/12/2025,10,9.144,60,TUT-214,0,-14.28309,-170.607,2025,Q20,esa,Post-Bleaching
3/12/2025,75,9.144,60,TUT-214,80,-14.28309,-170.607,2025,Q80,esa,Post-Bleaching
3/12/2025,15,9.144,60,TUT-214,0,-14.28309,-170.607,2025,QMED,esa,Post-Bleaching
3/12/2025,30,9.144,60,TUT-214,5,-14.28309,-170.607,2025,QMED,esa,Post-Bleaching
3/12/2025,10,9.144,60,TUT-214,0,-14.28309,-170.607,2025,Q20,esa,Post-Bleaching
3/12/2025,55,9.144,60,TUT-214,5,-14.28309,-170.607,2025,Q80,esa,Post-Bleaching
3/12/2025,30,9.144,60,TUT-214,70,-14.28309,-170.607,2025,QMED,esa,Post-Bleaching
3/12/2025,40,9.144,60,TUT-214,10,-14.28309,-170.607,2025,QMED,esa,Post-Bleaching
3/12/2025,10,9.144,60,TUT-214,0,-14.28309,-170.607,2025,Q20,esa,Post-Bleaching
3/12/2025,40,9.144,60,TUT-214,15,-14.28309,-170.607,2025,QMED,esa,Post-Bleaching
3/12/2025,10,9.144,60,TUT-214,10,-14.28309,-170.607,2025,Q20,esa,Post-Bleaching
3/12/2025,40,9.144,60,TUT-214,10,-14.28309,-170.607,2025,QMED,esa,Post-Bleaching
3/12/2025,35,9.144,60,TUT-214,10,-14.28309,-170.607,2025,QMED,esa,Post-Bleaching
3/12/2025,80,9.144,60,TUT-214,95,-14.28309,-170.607,2025,Q80,esa,Post-Bleaching
3/12/2025,15,9.144,60,TUT-214,0,-14.28309,-170.607,2025,QMED,esa,Post-Bleaching
3/12/2025,15,9.144,60,TUT-214,20,-14.28309,-170.607,2025,QMED,esa,Post-Bleaching
3/12/2025,25,9.144,60,TUT-214,0,-14.28309,-170.607,2025,QMED,esa,Post-Bleaching
3/12/2025,5,9.144,60,TUT-214,0,-14.28309,-170.607,2025,Q20,esa,Post-Bleaching
3/12/2025,20,9.144,60,TUT-214,0,-14.28309,-170.607,2025,QMED,esa,Post-Bleaching
3/12/2025,50,9.144,60,TUT-214,0,-14.28309,-170.607,2025,Q80,esa,Post-Bleaching
3/12/2025,35,9.144,60,TUT-214,15,-14.28309,-170.607,2025,QMED,esa,Post-Bleaching
3/12/2025,50,9.144,60,TUT-214,90,-14.28309,-170.607,2025,Q80,esa,Post-Bleaching
3/12/2025,40,9.144,60,TUT-214,15,-14.28309,-170.607,2025,QMED,esa,Post-Bleaching
3/12/2025,35,9.144,60,TUT-214,15,-14.28309,-170.607,2025,QMED,esa,Post-Bleaching
3/12/2025,15,9.144,60,TUT-214,0,-14.28309,-170.607,2025,QMED,esa,Post-Bleaching
3/12/2025,22,14.3256,60,TUT-214,2,-14.28309,-170.607,2025,QMED,esa,Post-Bleaching
3/12/2025,31,14.3256,60,TUT-214,85,-14.28309,-170.607,2025,QMED,esa,Post-Bleaching
3/12/2025,41,14.3256,60,TUT-214,45,-14.28309,-170.607,2025,Q80,esa,Post-Bleaching
3/12/2025,62,14.3256,60,TUT-214,45,-14.28309,-170.607,2025,Q80,esa,Post-Bleaching
3/12/2025,49,14.3256,60,TUT-214,55,-14.28309,-170.607,2025,Q80,esa,Post-Bleaching
3/12/2025,18,14.3256,60,TUT-214,2,-14.28309,-170.607,2025,QMED,esa,Post-Bleaching
3/12/2025,70,14.3256,60,TUT-214,60,-14.28309,-170.607,2025,Q80,esa,Post-Bleaching
3/12/2025,17,14.3256,60,TUT-214,0,-14.28309,-170.607,2025,QMED,esa,Post-Bleaching
3/12/2025,140,14.3256,60,TUT-214,70,-14.28309,-170.607,2025,Q80,esa,Post-Bleaching
3/12/2025,27,14.3256,60,TUT-214,0,-14.28309,-170.607,2025,QMED,esa,Post-Bleaching
3/12/2025,68,14.3256,60,TUT-214,95,-14.28309,-170.607,2025,Q80,esa,Post-Bleaching
3/12/2025,6,14.3256,60,TUT-214,0,-14.28309,-170.607,2025,Q20,esa,Post-Bleaching
3/12/2025,8,14.3256,60,TUT-214,0,-14.28309,-170.607,2025,Q20,esa,Post-Bleaching
3/12/2025,5,14.3256,60,TUT-214,0,-14.28309,-170.607,2025,Q20,esa,Post-Bleaching
3/12/2025,6,14.3256,60,TUT-214,0,-14.28309,-170.607,2025,Q20,esa,Post-Bleaching
3/12/2025,7,14.3256,60,TUT-214,0,-14.28309,-170.607,2025,Q20,esa,Post-Bleaching
3/12/2025,6,14.3256,60,TUT-214,0,-14.28309,-170.607,2025,Q20,esa,Post-Bleaching
3/12/2025,10,14.3256,60,TUT-214,0,-14.28309,-170.607,2025,Q20,esa,Post-Bleaching
3/12/2025,6,14.3256,60,TUT-214,0,-14.28309,-170.607,2025,Q20,esa,Post-Bleaching
3/12/2025,65,14.3256,60,TUT-214,98,-14.28309,-170.607,2025,Q80,esa,Post-Bleaching
3/12/2025,14,14.3256,60,TUT-214,0,-14.28309,-170.607,2025,QMED,esa,Post-Bleaching
3/12/2025,11,14.3256,60,TUT-214,0,-14.28309,-170.607,2025,Q20,esa,Post-Bleaching
3/12/2025,97,14.3256,60,TUT-214,90,-14.28309,-170.607,2025,Q80,esa,Post-Bleaching
3/12/2025,35,14.3256,60,TUT-214,65,-14.28309,-170.607,2025,QMED,esa,Post-Bleaching
3/12/2025,105,14.3256,60,TUT-214,85,-14.28309,-170.607,2025,Q80,esa,Post-Bleaching
3/12/2025,47,14.3256,60,TUT-214,95,-14.28309,-170.607,2025,Q80,esa,Post-Bleaching
3/13/2025,120,13.1064,60,TUT-171,95,-14.332425,-170.824373,2025,Q80,esa,Post-Bleaching
3/13/2025,126,13.1064,60,TUT-171,60,-14.332425,-170.824373,2025,Q80,esa,Post-Bleaching
3/13/2025,50,13.1064,60,TUT-171,80,-14.332425,-170.824373,2025,Q80,esa,Post-Bleaching
3/13/2025,100,13.1064,60,TUT-171,80,-14.332425,-170.824373,2025,Q80,esa,Post-Bleaching
3/13/2025,70,13.1064,60,TUT-171,50,-14.332425,-170.824373,2025,Q80,esa,Post-Bleaching
3/13/2025,35,13.1064,60,TUT-171,95,-14.332425,-170.824373,2025,QMED,esa,Post-Bleaching
3/13/2025,75,13.1064,60,TUT-171,90,-14.332425,-170.824373,2025,Q80,esa,Post-Bleaching
3/13/2025,112.5,13.1064,60,TUT-171,90,-14.332425,-170.824373,2025,Q80,esa,Post-Bleaching
3/13/2025,30,13.1064,60,TUT-171,80,-14.332425,-170.824373,2025,QMED,esa,Post-Bleaching
3/13/2025,47.5,13.1064,60,TUT-171,95,-14.332425,-170.824373,2025,Q80,esa,Post-Bleaching
3/13/2025,117.5,13.1064,60,TUT-171,95,-14.332425,-170.824373,2025,Q80,esa,Post-Bleaching
3/13/2025,35,13.1064,60,TUT-171,40,-14.332425,-170.824373,2025,QMED,esa,Post-Bleaching
3/13/2025,52.5,13.1064,60,TUT-171,65,-14.332425,-170.824373,2025,Q80,esa,Post-Bleaching
3/13/2025,75,13.1064,60,TUT-171,80,-14.332425,-170.824373,2025,Q80,esa,Post-Bleaching
3/13/2025,45,13.1064,60,TUT-171,95,-14.332425,-170.824373,2025,Q80,esa,Post-Bleaching
3/13/2025,80,13.1064,60,TUT-171,40,-14.332425,-170.824373,2025,Q80,esa,Post-Bleaching
3/13/2025,50,13.1064,60,TUT-171,90,-14.332425,-170.824373,2025,Q80,esa,Post-Bleaching
3/13/2025,60,13.1064,60,TUT-171,96,-14.332425,-170.824373,2025,Q80,esa,Post-Bleaching
3/13/2025,65,13.1064,60,TUT-171,90,-14.332425,-170.824373,2025,Q80,esa,Post-Bleaching
3/13/2025,45,13.1064,60,TUT-171,98,-14.332425,-170.824373,2025,Q80,esa,Post-Bleaching
3/13/2025,22.5,13.1064,60,TUT-171,35,-14.332425,-170.824373,2025,QMED,esa,Post-Bleaching
3/13/2025,30,13.1064,60,TUT-171,10,-14.332425,-170.824373,2025,QMED,esa,Post-Bleaching
3/13/2025,30,13.1064,60,TUT-171,80,-14.332425,-170.824373,2025,QMED,esa,Post-Bleaching
3/13/2025,45,13.1064,60,TUT-171,70,-14.332425,-170.824373,2025,Q80,esa,Post-Bleaching
3/13/2025,75,13.1064,60,TUT-171,15,-14.332425,-170.824373,2025,Q80,esa,Post-Bleaching
3/13/2025,25,13.1064,60,TUT-171,85,-14.332425,-170.824373,2025,QMED,esa,Post-Bleaching
3/13/2025,75,13.1064,60,TUT-171,98,-14.332425,-170.824373,2025,Q80,esa,Post-Bleaching
3/13/2025,125,13.1064,60,TUT-171,85,-14.332425,-170.824373,2025,Q80,esa,Post-Bleaching
3/13/2025,105,13.1064,60,TUT-171,90,-14.332425,-170.824373,2025,Q80,esa,Post-Bleaching
3/13/2025,105,13.1064,60,TUT-171,95,-14.332425,-170.824373,2025,Q80,esa,Post-Bleaching
3/13/2025,22,10.9728,60,TUT-171,10,-14.332425,-170.824373,2025,QMED,esa,Post-Bleaching
3/13/2025,55,10.9728,60,TUT-171,66,-14.332425,-170.824373,2025,Q80,esa,Post-Bleaching
3/13/2025,40,10.9728,60,TUT-171,80,-14.332425,-170.824373,2025,QMED,esa,Post-Bleaching
3/13/2025,17,10.9728,60,TUT-171,0,-14.332425,-170.824373,2025,QMED,esa,Post-Bleaching
3/13/2025,45,10.9728,60,TUT-171,75,-14.332425,-170.824373,2025,Q80,esa,Post-Bleaching
3/13/2025,19,10.9728,60,TUT-171,10,-14.332425,-170.824373,2025,QMED,esa,Post-Bleaching
3/13/2025,65,10.9728,60,TUT-171,90,-14.332425,-170.824373,2025,Q80,esa,Post-Bleaching
3/13/2025,17,10.9728,60,TUT-171,75,-14.332425,-170.824373,2025,QMED,esa,Post-Bleaching
3/13/2025,35,10.9728,60,TUT-171,80,-14.332425,-170.824373,2025,QMED,esa,Post-Bleaching
3/13/2025,65,10.9728,60,TUT-171,95,-14.332425,-170.824373,2025,Q80,esa,Post-Bleaching
3/13/2025,50,10.9728,60,TUT-171,85,-14.332425,-170.824373,2025,Q80,esa,Post-Bleaching
3/13/2025,30,10.9728,60,TUT-171,60,-14.332425,-170.824373,2025,QMED,esa,Post-Bleaching
3/13/2025,47,10.9728,60,TUT-171,50,-14.332425,-170.824373,2025,Q80,esa,Post-Bleaching
3/13/2025,9,10.9728,60,TUT-171,0,-14.332425,-170.824373,2025,Q20,esa,Post-Bleaching
3/13/2025,63,10.9728,60,TUT-171,90,-14.332425,-170.824373,2025,Q80,esa,Post-Bleaching
3/13/2025,55,10.9728,60,TUT-171,55,-14.332425,-170.824373,2025,Q80,esa,Post-Bleaching
3/13/2025,10,10.9728,60,TUT-171,5,-14.332425,-170.824373,2025,Q20,esa,Post-Bleaching
3/13/2025,5,10.9728,60,TUT-171,0,-14.332425,-170.824373,2025,Q20,esa,Post-Bleaching
3/13/2025,41,10.9728,60,TUT-171,65,-14.332425,-170.824373,2025,Q80,esa,Post-Bleaching
3/13/2025,75,10.9728,60,TUT-171,65,-14.332425,-170.824373,2025,Q80,esa,Post-Bleaching
3/13/2025,9,10.9728,60,TUT-171,0,-14.332425,-170.824373,2025,Q20,esa,Post-Bleaching
3/13/2025,12,10.9728,60,TUT-171,10,-14.332425,-170.824373,2025,Q20,esa,Post-Bleaching
3/13/2025,6,10.9728,60,TUT-171,0,-14.332425,-170.824373,2025,Q20,esa,Post-Bleaching
3/13/2025,15,10.9728,60,TUT-171,40,-14.332425,-170.824373,2025,QMED,esa,Post-Bleaching
3/13/2025,66,10.9728,60,TUT-171,60,-14.332425,-170.824373,2025,Q80,esa,Post-Bleaching
3/13/2025,27,10.9728,60,TUT-171,50,-14.332425,-170.824373,2025,QMED,esa,Post-Bleaching
3/13/2025,70,10.9728,60,TUT-171,60,-14.332425,-170.824373,2025,Q80,esa,Post-Bleaching
3/13/2025,37,10.9728,60,TUT-171,10,-14.332425,-170.824373,2025,QMED,esa,Post-Bleaching
3/13/2025,25,10.9728,60,TUT-171,5,-14.332425,-170.824373,2025,QMED,esa,Post-Bleaching
3/13/2025,37,10.9728,60,TUT-171,25,-14.332425,-170.824373,2025,QMED,esa,Post-Bleaching
3/13/2025,115,11.5824,60,TUT-171,90,-14.332425,-170.824373,2025,Q80,esa,Post-Bleaching
3/13/2025,20,11.5824,60,TUT-171,25,-14.332425,-170.824373,2025,QMED,esa,Post-Bleaching
3/13/2025,160,11.5824,60,TUT-171,98,-14.332425,-170.824373,2025,Q80,esa,Post-Bleaching
3/13/2025,75,11.5824,60,TUT-171,70,-14.332425,-170.824373,2025,Q80,esa,Post-Bleaching
3/13/2025,110,11.5824,60,TUT-171,90,-14.332425,-170.824373,2025,Q80,esa,Post-Bleaching
3/13/2025,65,11.5824,60,TUT-171,97,-14.332425,-170.824373,2025,Q80,esa,Post-Bleaching
3/13/2025,115,11.5824,60,TUT-171,98,-14.332425,-170.824373,2025,Q80,esa,Post-Bleaching
3/13/2025,58,11.5824,60,TUT-171,98,-14.332425,-170.824373,2025,Q80,esa,Post-Bleaching
3/13/2025,133,11.5824,60,TUT-171,90,-14.332425,-170.824373,2025,Q80,esa,Post-Bleaching
3/13/2025,131,11.5824,60,TUT-171,98,-14.332425,-170.824373,2025,Q80,esa,Post-Bleaching
3/13/2025,110,11.5824,60,TUT-171,90,-14.332425,-170.824373,2025,Q80,esa,Post-Bleaching
3/13/2025,6,11.5824,60,TUT-171,0,-14.332425,-170.824373,2025,Q20,esa,Post-Bleaching
3/13/2025,60,11.5824,60,TUT-171,85,-14.332425,-170.824373,2025,Q80,esa,Post-Bleaching
3/13/2025,72,11.5824,60,TUT-171,97,-14.332425,-170.824373,2025,Q80,esa,Post-Bleaching
3/13/2025,11,11.5824,60,TUT-171,10,-14.332425,-170.824373,2025,Q20,esa,Post-Bleaching
3/13/2025,13,11.5824,60,TUT-171,10,-14.332425,-170.824373,2025,QMED,esa,Post-Bleaching
3/13/2025,7,11.5824,60,TUT-171,0,-14.332425,-170.824373,2025,Q20,esa,Post-Bleaching
3/13/2025,170,11.5824,60,TUT-171,99,-14.332425,-170.824373,2025,Q80,esa,Post-Bleaching
3/13/2025,36,11.5824,60,TUT-171,70,-14.332425,-170.824373,2025,QMED,esa,Post-Bleaching
3/13/2025,95,11.5824,60,TUT-171,98,-14.332425,-170.824373,2025,Q80,esa,Post-Bleaching
3/13/2025,81,11.5824,60,TUT-171,95,-14.332425,-170.824373,2025,Q80,esa,Post-Bleaching
3/13/2025,18,11.5824,60,TUT-171,20,-14.332425,-170.824373,2025,QMED,esa,Post-Bleaching
3/13/2025,90,11.5824,60,TUT-171,90,-14.332425,-170.824373,2025,Q80,esa,Post-Bleaching
3/13/2025,120,11.5824,60,TUT-171,99,-14.332425,-170.824373,2025,Q80,esa,Post-Bleaching
3/13/2025,75,11.5824,60,TUT-171,95,-14.332425,-170.824373,2025,Q80,esa,Post-Bleaching
3/13/2025,105,11.5824,60,TUT-171,95,-14.332425,-170.824373,2025,Q80,esa,Post-Bleaching
3/13/2025,43,11.5824,60,TUT-171,70,-14.332425,-170.824373,2025,Q80,esa,Post-Bleaching
3/13/2025,90,11.5824,60,TUT-171,85,-14.332425,-170.824373,2025,Q80,esa,Post-Bleaching
3/13/2025,88,11.5824,60,TUT-171,80,-14.332425,-170.824373,2025,Q80,esa,Post-Bleaching
3/13/2025,150,11.5824,60,TUT-171,85,-14.332425,-170.824373,2025,Q80,esa,Post-Bleaching
3/14/2025,43,12.4968,60,TUT-216,5,-14.329052,-170.831801,2025,Q80,esa,Post-Bleaching
3/14/2025,17,12.4968,60,TUT-216,0,-14.329052,-170.831801,2025,QMED,esa,Post-Bleaching
3/14/2025,35,12.4968,60,TUT-216,20,-14.329052,-170.831801,2025,QMED,esa,Post-Bleaching
3/14/2025,49,12.4968,60,TUT-216,65,-14.329052,-170.831801,2025,Q80,esa,Post-Bleaching
3/14/2025,48,12.4968,60,TUT-216,80,-14.329052,-170.831801,2025,Q80,esa,Post-Bleaching
3/14/2025,15,12.4968,60,TUT-216,0,-14.329052,-170.831801,2025,QMED,esa,Post-Bleaching
3/14/2025,11,12.4968,60,TUT-216,0,-14.329052,-170.831801,2025,Q20,esa,Post-Bleaching
3/14/2025,27,12.4968,60,TUT-216,10,-14.329052,-170.831801,2025,QMED,esa,Post-Bleaching
3/14/2025,7,12.4968,60,TUT-216,0,-14.329052,-170.831801,2025,Q20,esa,Post-Bleaching
3/14/2025,36,12.4968,60,TUT-216,0,-14.329052,-170.831801,2025,QMED,esa,Post-Bleaching
3/14/2025,31,12.4968,60,TUT-216,0,-14.329052,-170.831801,2025,QMED,esa,Post-Bleaching
3/14/2025,44,12.4968,60,TUT-216,85,-14.329052,-170.831801,2025,Q80,esa,Post-Bleaching
3/14/2025,77,12.4968,60,TUT-216,25,-14.329052,-170.831801,2025,Q80,esa,Post-Bleaching
3/14/2025,30,12.4968,60,TUT-216,65,-14.329052,-170.831801,2025,QMED,esa,Post-Bleaching
3/14/2025,50,12.4968,60,TUT-216,98,-14.329052,-170.831801,2025,Q80,esa,Post-Bleaching
3/14/2025,34,12.4968,60,TUT-216,60,-14.329052,-170.831801,2025,QMED,esa,Post-Bleaching
3/14/2025,38,12.4968,60,TUT-216,90,-14.329052,-170.831801,2025,QMED,esa,Post-Bleaching
3/14/2025,80,12.4968,60,TUT-216,40,-14.329052,-170.831801,2025,Q80,esa,Post-Bleaching
3/14/2025,47,12.4968,60,TUT-216,25,-14.329052,-170.831801,2025,Q80,esa,Post-Bleaching
3/14/2025,48,12.4968,60,TUT-216,70,-14.329052,-170.831801,2025,Q80,esa,Post-Bleaching
3/14/2025,70,12.4968,60,TUT-216,95,-14.329052,-170.831801,2025,Q80,esa,Post-Bleaching
3/14/2025,30,12.4968,60,TUT-216,90,-14.329052,-170.831801,2025,QMED,esa,Post-Bleaching
3/14/2025,10,9.144,60,TUT-216,0,-14.329052,-170.831801,2025,Q20,esa,Post-Bleaching
3/14/2025,25,9.144,60,TUT-216,5,-14.329052,-170.831801,2025,QMED,esa,Post-Bleaching
3/14/2025,25,9.144,60,TUT-216,70,-14.329052,-170.831801,2025,QMED,esa,Post-Bleaching
3/14/2025,10,9.144,60,TUT-216,0,-14.329052,-170.831801,2025,Q20,esa,Post-Bleaching
3/14/2025,35,9.144,60,TUT-216,0,-14.329052,-170.831801,2025,QMED,esa,Post-Bleaching
3/14/2025,50,9.144,60,TUT-216,95,-14.329052,-170.831801,2025,Q80,esa,Post-Bleaching
3/14/2025,35,9.144,60,TUT-216,50,-14.329052,-170.831801,2025,QMED,esa,Post-Bleaching
3/14/2025,12,9.144,60,TUT-216,0,-14.329052,-170.831801,2025,Q20,esa,Post-Bleaching
3/14/2025,53,9.144,60,TUT-216,30,-14.329052,-170.831801,2025,Q80,esa,Post-Bleaching
3/14/2025,15,9.144,60,TUT-216,50,-14.329052,-170.831801,2025,QMED,esa,Post-Bleaching
3/14/2025,35,9.144,60,TUT-216,20,-14.329052,-170.831801,2025,QMED,esa,Post-Bleaching
3/14/2025,13,9.144,60,TUT-216,0,-14.329052,-170.831801,2025,QMED,esa,Post-Bleaching
3/14/2025,10,9.144,60,TUT-216,0,-14.329052,-170.831801,2025,Q20,esa,Post-Bleaching
3/14/2025,80,9.144,60,TUT-216,97,-14.329052,-170.831801,2025,Q80,esa,Post-Bleaching
3/14/2025,5,9.144,60,TUT-216,0,-14.329052,-170.831801,2025,Q20,esa,Post-Bleaching
3/14/2025,18,9.144,60,TUT-216,0,-14.329052,-170.831801,2025,QMED,esa,Post-Bleaching
3/14/2025,48,9.144,60,TUT-216,80,-14.329052,-170.831801,2025,Q80,esa,Post-Bleaching
3/14/2025,25,9.144,60,TUT-216,0,-14.329052,-170.831801,2025,QMED,esa,Post-Bleaching
3/14/2025,45,9.144,60,TUT-216,50,-14.329052,-170.831801,2025,Q80,esa,Post-Bleaching
3/14/2025,30,9.144,60,TUT-216,50,-14.329052,-170.831801,2025,QMED,esa,Post-Bleaching
3/14/2025,12,9.144,60,TUT-216,0,-14.329052,-170.831801,2025,Q20,esa,Post-Bleaching
3/14/2025,70,9.144,60,TUT-216,29,-14.329052,-170.831801,2025,Q80,esa,Post-Bleaching
3/14/2025,20,9.144,60,TUT-216,0,-14.329052,-170.831801,2025,QMED,esa,Post-Bleaching
3/14/2025,30,9.144,60,TUT-216,5,-14.329052,-170.831801,2025,QMED,esa,Post-Bleaching
3/14/2025,50,9.144,60,TUT-216,50,-14.329052,-170.831801,2025,Q80,esa,Post-Bleaching
3/14/2025,30,9.144,60,TUT-216,90,-14.329052,-170.831801,2025,QMED,esa,Post-Bleaching
3/14/2025,30,9.144,60,TUT-216,5,-14.329052,-170.831801,2025,QMED,esa,Post-Bleaching
3/14/2025,40,9.144,60,TUT-216,95,-14.329052,-170.831801,2025,QMED,esa,Post-Bleaching
3/14/2025,30,9.144,60,TUT-216,50,-14.329052,-170.831801,2025,QMED,esa,Post-Bleaching
3/14/2025,10,9.144,60,TUT-216,0,-14.329052,-170.831801,2025,Q20,esa,Post-Bleaching
3/14/2025,11,12.4968,60,TUT-216,0,-14.329052,-170.831801,2025,Q20,esa,Post-Bleaching
3/14/2025,26,12.4968,60,TUT-216,0,-14.329052,-170.831801,2025,QMED,esa,Post-Bleaching
3/14/2025,88,12.4968,60,TUT-216,85,-14.329052,-170.831801,2025,Q80,esa,Post-Bleaching
3/14/2025,48,12.4968,60,TUT-216,80,-14.329052,-170.831801,2025,Q80,esa,Post-Bleaching
3/14/2025,51,12.4968,60,TUT-216,75,-14.329052,-170.831801,2025,Q80,esa,Post-Bleaching
3/14/2025,13,12.4968,60,TUT-216,0,-14.329052,-170.831801,2025,QMED,esa,Post-Bleaching
3/14/2025,10,12.4968,60,TUT-216,0,-14.329052,-170.831801,2025,Q20,esa,Post-Bleaching
3/14/2025,28,12.4968,60,TUT-216,0,-14.329052,-170.831801,2025,QMED,esa,Post-Bleaching
3/14/2025,21,12.4968,60,TUT-216,2,-14.329052,-170.831801,2025,QMED,esa,Post-Bleaching
3/14/2025,23,12.4968,60,TUT-216,1,-14.329052,-170.831801,2025,QMED,esa,Post-Bleaching
3/14/2025,21,12.4968,60,TUT-216,0,-14.329052,-170.831801,2025,QMED,esa,Post-Bleaching
3/14/2025,48,12.4968,60,TUT-216,90,-14.329052,-170.831801,2025,Q80,esa,Post-Bleaching
3/14/2025,18,12.4968,60,TUT-216,5,-14.329052,-170.831801,2025,QMED,esa,Post-Bleaching
3/14/2025,20,12.4968,60,TUT-216,0,-14.329052,-170.831801,2025,QMED,esa,Post-Bleaching
3/14/2025,55,12.4968,60,TUT-216,75,-14.329052,-170.831801,2025,Q80,esa,Post-Bleaching
3/14/2025,31,12.4968,60,TUT-216,40,-14.329052,-170.831801,2025,QMED,esa,Post-Bleaching
3/14/2025,49,12.4968,60,TUT-216,45,-14.329052,-170.831801,2025,Q80,esa,Post-Bleaching
3/14/2025,6,12.4968,60,TUT-216,0,-14.329052,-170.831801,2025,Q20,esa,Post-Bleaching
3/14/2025,31,12.4968,60,TUT-216,90,-14.329052,-170.831801,2025,QMED,esa,Post-Bleaching
3/14/2025,24,12.4968,60,TUT-216,70,-14.329052,-170.831801,2025,QMED,esa,Post-Bleaching
3/14/2025,45,12.4968,60,TUT-216,40,-14.329052,-170.831801,2025,Q80,esa,Post-Bleaching
3/14/2025,25,12.4968,60,TUT-216,50,-14.329052,-170.831801,2025,QMED,esa,Post-Bleaching
3/14/2025,23,12.4968,60,TUT-216,5,-14.329052,-170.831801,2025,QMED,esa,Post-Bleaching
3/14/2025,52,12.4968,60,TUT-216,80,-14.329052,-170.831801,2025,Q80,esa,Post-Bleaching
3/15/2025,20,11.5824,60,TUT-139,5,-14.352648,-170.787165,2025,QMED,esa,Post-Bleaching
3/15/2025,30,11.5824,60,TUT-139,20,-14.352648,-170.787165,2025,QMED,esa,Post-Bleaching
3/15/2025,50,11.5824,60,TUT-139,6,-14.352648,-170.787165,2025,Q80,esa,Post-Bleaching
3/15/2025,52.5,11.5824,60,TUT-139,25,-14.352648,-170.787165,2025,Q80,esa,Post-Bleaching
3/15/2025,25,11.5824,60,TUT-139,60,-14.352648,-170.787165,2025,QMED,esa,Post-Bleaching
3/15/2025,20,11.5824,60,TUT-139,5,-14.352648,-170.787165,2025,QMED,esa,Post-Bleaching
3/15/2025,22.5,11.5824,60,TUT-139,10,-14.352648,-170.787165,2025,QMED,esa,Post-Bleaching
3/15/2025,22,11.5824,60,TUT-139,0,-14.352648,-170.787165,2025,QMED,esa,Post-Bleaching
3/15/2025,25,11.5824,60,TUT-139,98,-14.352648,-170.787165,2025,QMED,esa,Post-Bleaching
3/15/2025,20,11.5824,60,TUT-139,0,-14.352648,-170.787165,2025,QMED,esa,Post-Bleaching
3/15/2025,22.5,11.5824,60,TUT-139,0,-14.352648,-170.787165,2025,QMED,esa,Post-Bleaching
3/15/2025,40,11.5824,60,TUT-139,80,-14.352648,-170.787165,2025,QMED,esa,Post-Bleaching
3/15/2025,115,11.5824,60,TUT-139,85,-14.352648,-170.787165,2025,Q80,esa,Post-Bleaching
3/15/2025,7.5,11.5824,60,TUT-139,0,-14.352648,-170.787165,2025,Q20,esa,Post-Bleaching
3/15/2025,115,11.5824,60,TUT-139,95,-14.352648,-170.787165,2025,Q80,esa,Post-Bleaching
3/15/2025,36,13.716,60,TUT-126,0,-14.336157,-170.796416,2025,QMED,esa,Post-Bleaching
3/15/2025,28,13.716,60,TUT-126,0,-14.336157,-170.796416,2025,QMED,esa,Post-Bleaching
3/15/2025,24,13.716,60,TUT-126,5,-14.336157,-170.796416,2025,QMED,esa,Post-Bleaching
3/15/2025,20,13.716,60,TUT-126,0,-14.336157,-170.796416,2025,QMED,esa,Post-Bleaching
3/15/2025,55,13.716,60,TUT-126,80,-14.336157,-170.796416,2025,Q80,esa,Post-Bleaching
3/15/2025,37,13.716,60,TUT-126,50,-14.336157,-170.796416,2025,QMED,esa,Post-Bleaching
3/15/2025,67,13.716,60,TUT-126,90,-14.336157,-170.796416,2025,Q80,esa,Post-Bleaching
3/15/2025,40,13.716,60,TUT-126,70,-14.336157,-170.796416,2025,QMED,esa,Post-Bleaching
3/15/2025,40,13.716,60,TUT-126,80,-14.336157,-170.796416,2025,QMED,esa,Post-Bleaching
3/15/2025,21,13.716,60,TUT-126,0,-14.336157,-170.796416,2025,QMED,esa,Post-Bleaching
3/15/2025,50,13.716,60,TUT-126,75,-14.336157,-170.796416,2025,Q80,esa,Post-Bleaching
3/15/2025,50,13.716,60,TUT-126,25,-14.336157,-170.796416,2025,Q80,esa,Post-Bleaching
3/15/2025,26,13.716,60,TUT-126,10,-14.336157,-170.796416,2025,QMED,esa,Post-Bleaching
3/15/2025,28,13.716,60,TUT-126,40,-14.336157,-170.796416,2025,QMED,esa,Post-Bleaching
3/15/2025,46,13.716,60,TUT-126,20,-14.336157,-170.796416,2025,Q80,esa,Post-Bleaching
3/15/2025,31,13.716,60,TUT-126,30,-14.336157,-170.796416,2025,QMED,esa,Post-Bleaching
3/15/2025,20,13.716,60,TUT-126,5,-14.336157,-170.796416,2025,QMED,esa,Post-Bleaching
3/15/2025,27,13.716,60,TUT-126,15,-14.336157,-170.796416,2025,QMED,esa,Post-Bleaching
3/15/2025,52,13.716,60,TUT-126,95,-14.336157,-170.796416,2025,Q80,esa,Post-Bleaching
3/15/2025,92,13.716,60,TUT-126,40,-14.336157,-170.796416,2025,Q80,esa,Post-Bleaching
3/15/2025,9,13.716,60,TUT-126,0,-14.336157,-170.796416,2025,Q20,esa,Post-Bleaching
3/15/2025,11,13.716,60,TUT-126,3,-14.336157,-170.796416,2025,Q20,esa,Post-Bleaching
3/15/2025,47,13.716,60,TUT-126,30,-14.336157,-170.796416,2025,Q80,esa,Post-Bleaching
3/15/2025,38,13.716,60,TUT-126,20,-14.336157,-170.796416,2025,QMED,esa,Post-Bleaching
3/15/2025,27,13.716,60,TUT-126,45,-14.336157,-170.796416,2025,QMED,esa,Post-Bleaching
3/15/2025,34,13.716,60,TUT-126,50,-14.336157,-170.796416,2025,QMED,esa,Post-Bleaching
3/15/2025,14,13.716,60,TUT-126,0,-14.336157,-170.796416,2025,QMED,esa,Post-Bleaching
3/15/2025,11,13.716,60,TUT-126,0,-14.336157,-170.796416,2025,Q20,esa,Post-Bleaching
3/15/2025,44,13.716,60,TUT-126,50,-14.336157,-170.796416,2025,Q80,esa,Post-Bleaching
3/15/2025,50,13.716,60,TUT-126,65,-14.336157,-170.796416,2025,Q80,esa,Post-Bleaching
3/15/2025,NA,9.144,60,TUT-083,NA,-14.332102,-170.697197,2025,NA,esa,Post-Bleaching
3/15/2025,25,12.8016,60,TUT-126,25,-14.336157,-170.796416,2025,QMED,esa,Post-Bleaching
3/15/2025,45,12.8016,60,TUT-126,30,-14.336157,-170.796416,2025,Q80,esa,Post-Bleaching
3/15/2025,10,12.8016,60,TUT-126,0,-14.336157,-170.796416,2025,Q20,esa,Post-Bleaching
3/15/2025,35,12.8016,60,TUT-126,50,-14.336157,-170.796416,2025,QMED,esa,Post-Bleaching
3/15/2025,25,12.8016,60,TUT-126,5,-14.336157,-170.796416,2025,QMED,esa,Post-Bleaching
3/15/2025,10,12.8016,60,TUT-126,5,-14.336157,-170.796416,2025,Q20,esa,Post-Bleaching
3/15/2025,20,12.8016,60,TUT-126,0,-14.336157,-170.796416,2025,QMED,esa,Post-Bleaching
3/15/2025,15,12.8016,60,TUT-126,0,-14.336157,-170.796416,2025,QMED,esa,Post-Bleaching
3/15/2025,15,12.8016,60,TUT-126,0,-14.336157,-170.796416,2025,QMED,esa,Post-Bleaching
3/15/2025,30,12.8016,60,TUT-126,80,-14.336157,-170.796416,2025,QMED,esa,Post-Bleaching
3/15/2025,40,12.8016,60,TUT-126,95,-14.336157,-170.796416,2025,QMED,esa,Post-Bleaching
3/15/2025,50,12.8016,60,TUT-126,60,-14.336157,-170.796416,2025,Q80,esa,Post-Bleaching
3/15/2025,25,12.8016,60,TUT-126,60,-14.336157,-170.796416,2025,QMED,esa,Post-Bleaching
3/15/2025,25,12.8016,60,TUT-126,5,-14.336157,-170.796416,2025,QMED,esa,Post-Bleaching
3/15/2025,12,12.8016,60,TUT-126,0,-14.336157,-170.796416,2025,Q20,esa,Post-Bleaching
3/15/2025,15,12.8016,60,TUT-126,90,-14.336157,-170.796416,2025,QMED,esa,Post-Bleaching
3/15/2025,30,12.8016,60,TUT-126,50,-14.336157,-170.796416,2025,QMED,esa,Post-Bleaching
3/15/2025,6,12.8016,60,TUT-126,0,-14.336157,-170.796416,2025,Q20,esa,Post-Bleaching
3/15/2025,80,12.8016,60,TUT-126,5,-14.336157,-170.796416,2025,Q80,esa,Post-Bleaching
3/15/2025,10,12.8016,60,TUT-126,5,-14.336157,-170.796416,2025,Q20,esa,Post-Bleaching
3/15/2025,25,12.8016,60,TUT-126,0,-14.336157,-170.796416,2025,QMED,esa,Post-Bleaching
3/15/2025,25,12.8016,60,TUT-126,0,-14.336157,-170.796416,2025,QMED,esa,Post-Bleaching
3/15/2025,10,12.8016,60,TUT-126,0,-14.336157,-170.796416,2025,Q20,esa,Post-Bleaching
3/15/2025,50,12.8016,60,TUT-126,5,-14.336157,-170.796416,2025,Q80,esa,Post-Bleaching
3/15/2025,30,12.8016,60,TUT-126,0,-14.336157,-170.796416,2025,QMED,esa,Post-Bleaching
3/15/2025,40,9.144,60,TUT-139,45,-14.352648,-170.787165,2025,QMED,esa,Post-Bleaching
3/15/2025,30,9.144,60,TUT-139,50,-14.352648,-170.787165,2025,QMED,esa,Post-Bleaching
3/15/2025,85,9.144,60,TUT-139,85,-14.352648,-170.787165,2025,Q80,esa,Post-Bleaching
3/15/2025,40,9.144,60,TUT-139,90,-14.352648,-170.787165,2025,QMED,esa,Post-Bleaching
3/15/2025,10,9.144,60,TUT-139,0,-14.352648,-170.787165,2025,Q20,esa,Post-Bleaching
3/15/2025,5,9.144,60,TUT-139,0,-14.352648,-170.787165,2025,Q20,esa,Post-Bleaching
3/15/2025,40,9.144,60,TUT-139,90,-14.352648,-170.787165,2025,QMED,esa,Post-Bleaching
3/15/2025,10,9.144,60,TUT-139,0,-14.352648,-170.787165,2025,Q20,esa,Post-Bleaching
3/15/2025,30,9.144,60,TUT-139,15,-14.352648,-170.787165,2025,QMED,esa,Post-Bleaching
3/15/2025,10,9.144,60,TUT-139,0,-14.352648,-170.787165,2025,Q20,esa,Post-Bleaching
3/15/2025,5,9.144,60,TUT-139,0,-14.352648,-170.787165,2025,Q20,esa,Post-Bleaching
3/15/2025,40,9.144,60,TUT-139,40,-14.352648,-170.787165,2025,QMED,esa,Post-Bleaching
3/15/2025,40,9.144,60,TUT-139,10,-14.352648,-170.787165,2025,QMED,esa,Post-Bleaching
3/15/2025,25,9.144,60,TUT-139,5,-14.352648,-170.787165,2025,QMED,esa,Post-Bleaching
3/15/2025,30,9.144,60,TUT-139,50,-14.352648,-170.787165,2025,QMED,esa,Post-Bleaching
3/15/2025,NA,12.192,60,TUT-083,NA,-14.332102,-170.697197,2025,NA,esa,Post-Bleaching
3/15/2025,NA,12.192,60,TUT-083,NA,-14.332102,-170.697197,2025,NA,esa,Post-Bleaching
3/15/2025,10,12.192,60,TUT-126,0,-14.336157,-170.796416,2025,Q20,esa,Post-Bleaching
3/15/2025,11,12.192,60,TUT-126,0,-14.336157,-170.796416,2025,Q20,esa,Post-Bleaching
3/15/2025,45,12.192,60,TUT-126,60,-14.336157,-170.796416,2025,Q80,esa,Post-Bleaching
3/15/2025,39,12.192,60,TUT-126,65,-14.336157,-170.796416,2025,QMED,esa,Post-Bleaching
3/15/2025,6,12.192,60,TUT-126,0,-14.336157,-170.796416,2025,Q20,esa,Post-Bleaching
3/15/2025,38,12.192,60,TUT-126,50,-14.336157,-170.796416,2025,QMED,esa,Post-Bleaching
3/15/2025,8,12.192,60,TUT-126,0,-14.336157,-170.796416,2025,Q20,esa,Post-Bleaching
3/15/2025,9,12.192,60,TUT-126,0,-14.336157,-170.796416,2025,Q20,esa,Post-Bleaching
3/15/2025,11,12.192,60,TUT-126,0,-14.336157,-170.796416,2025,Q20,esa,Post-Bleaching
3/15/2025,43,12.192,60,TUT-126,50,-14.336157,-170.796416,2025,Q80,esa,Post-Bleaching
3/15/2025,43,12.192,60,TUT-126,70,-14.336157,-170.796416,2025,Q80,esa,Post-Bleaching
3/15/2025,17,12.192,60,TUT-126,10,-14.336157,-170.796416,2025,QMED,esa,Post-Bleaching
3/15/2025,18,12.192,60,TUT-126,30,-14.336157,-170.796416,2025,QMED,esa,Post-Bleaching
3/15/2025,41,12.192,60,TUT-126,85,-14.336157,-170.796416,2025,Q80,esa,Post-Bleaching
3/15/2025,16,12.192,60,TUT-126,0,-14.336157,-170.796416,2025,QMED,esa,Post-Bleaching
3/15/2025,47,12.192,60,TUT-126,2,-14.336157,-170.796416,2025,Q80,esa,Post-Bleaching
3/15/2025,66,12.192,60,TUT-126,5,-14.336157,-170.796416,2025,Q80,esa,Post-Bleaching
3/15/2025,23,12.192,60,TUT-126,2,-14.336157,-170.796416,2025,QMED,esa,Post-Bleaching
3/15/2025,33,12.192,60,TUT-126,80,-14.336157,-170.796416,2025,QMED,esa,Post-Bleaching
3/15/2025,30,12.192,60,TUT-126,45,-14.336157,-170.796416,2025,QMED,esa,Post-Bleaching
3/15/2025,38,12.192,60,TUT-139,15,-14.352648,-170.787165,2025,QMED,esa,Post-Bleaching
3/15/2025,63,12.192,60,TUT-139,80,-14.352648,-170.787165,2025,Q80,esa,Post-Bleaching
3/15/2025,35,12.192,60,TUT-139,15,-14.352648,-170.787165,2025,QMED,esa,Post-Bleaching
3/15/2025,38,12.192,60,TUT-139,85,-14.352648,-170.787165,2025,QMED,esa,Post-Bleaching
3/15/2025,28,12.192,60,TUT-139,10,-14.352648,-170.787165,2025,QMED,esa,Post-Bleaching
3/15/2025,28,12.192,60,TUT-139,15,-14.352648,-170.787165,2025,QMED,esa,Post-Bleaching
3/15/2025,25,12.192,60,TUT-139,5,-14.352648,-170.787165,2025,QMED,esa,Post-Bleaching
3/15/2025,60,12.192,60,TUT-139,95,-14.352648,-170.787165,2025,Q80,esa,Post-Bleaching
3/15/2025,31,12.192,60,TUT-139,95,-14.352648,-170.787165,2025,QMED,esa,Post-Bleaching
3/15/2025,19,12.192,60,TUT-139,0,-14.352648,-170.787165,2025,QMED,esa,Post-Bleaching
3/15/2025,17,12.192,60,TUT-139,0,-14.352648,-170.787165,2025,QMED,esa,Post-Bleaching
3/15/2025,110,12.192,60,TUT-139,85,-14.352648,-170.787165,2025,Q80,esa,Post-Bleaching
3/15/2025,25,12.192,60,TUT-139,55,-14.352648,-170.787165,2025,QMED,esa,Post-Bleaching
3/15/2025,40,12.192,60,TUT-139,40,-14.352648,-170.787165,2025,QMED,esa,Post-Bleaching
3/15/2025,42,12.192,60,TUT-139,50,-14.352648,-170.787165,2025,Q80,esa,Post-Bleaching
3/15/2025,19,12.192,60,TUT-139,10,-14.352648,-170.787165,2025,QMED,esa,Post-Bleaching
3/15/2025,41,12.192,60,TUT-139,85,-14.352648,-170.787165,2025,Q80,esa,Post-Bleaching
3/15/2025,38,12.192,60,TUT-139,25,-14.352648,-170.787165,2025,QMED,esa,Post-Bleaching
3/15/2025,19,12.192,60,TUT-139,50,-14.352648,-170.787165,2025,QMED,esa,Post-Bleaching
3/15/2025,20,12.192,60,TUT-139,0,-14.352648,-170.787165,2025,QMED,esa,Post-Bleaching
3/15/2025,52,12.192,60,TUT-139,10,-14.352648,-170.787165,2025,Q80,esa,Post-Bleaching
3/15/2025,41,12.192,60,TUT-139,50,-14.352648,-170.787165,2025,Q80,esa,Post-Bleaching
3/15/2025,17,12.192,60,TUT-139,1,-14.352648,-170.787165,2025,QMED,esa,Post-Bleaching
3/15/2025,12,12.192,60,TUT-139,0,-14.352648,-170.787165,2025,Q20,esa,Post-Bleaching
3/15/2025,32,12.192,60,TUT-139,90,-14.352648,-170.787165,2025,QMED,esa,Post-Bleaching
3/15/2025,9,12.192,60,TUT-139,0,-14.352648,-170.787165,2025,Q20,esa,Post-Bleaching
3/18/2025,35,14.3256,60,TUT-086,0,-14.27703,-170.611737,2025,QMED,esa,Post-Bleaching
3/18/2025,15,11.5824,60,TUT-157,0,-14.274192,-170.619785,2025,QMED,esa,Post-Bleaching
3/18/2025,20,11.5824,60,TUT-157,0,-14.274192,-170.619785,2025,QMED,esa,Post-Bleaching
3/18/2025,17,11.5824,60,TUT-157,0,-14.274192,-170.619785,2025,QMED,esa,Post-Bleaching
3/18/2025,22.5,11.5824,60,TUT-157,90,-14.274192,-170.619785,2025,QMED,esa,Post-Bleaching
3/18/2025,12,11.5824,60,TUT-157,25,-14.274192,-170.619785,2025,Q20,esa,Post-Bleaching
3/18/2025,32,11.5824,60,TUT-157,20,-14.274192,-170.619785,2025,QMED,esa,Post-Bleaching
3/18/2025,60,11.5824,60,TUT-157,70,-14.274192,-170.619785,2025,Q80,esa,Post-Bleaching
3/18/2025,50,11.5824,60,TUT-157,65,-14.274192,-170.619785,2025,Q80,esa,Post-Bleaching
3/18/2025,40,11.5824,60,TUT-157,40,-14.274192,-170.619785,2025,QMED,esa,Post-Bleaching
3/18/2025,45,11.5824,60,TUT-157,20,-14.274192,-170.619785,2025,Q80,esa,Post-Bleaching
3/18/2025,40,11.5824,60,TUT-157,35,-14.274192,-170.619785,2025,QMED,esa,Post-Bleaching
3/18/2025,22.5,11.5824,60,TUT-157,15,-14.274192,-170.619785,2025,QMED,esa,Post-Bleaching
3/18/2025,15,11.5824,60,TUT-157,5,-14.274192,-170.619785,2025,QMED,esa,Post-Bleaching
3/18/2025,7,11.5824,60,TUT-157,0,-14.274192,-170.619785,2025,Q20,esa,Post-Bleaching
3/18/2025,16,14.0208,60,TUT-219,0,-14.28823,-170.639848,2025,QMED,esa,Post-Bleaching
3/18/2025,19,14.0208,60,TUT-219,0,-14.28823,-170.639848,2025,QMED,esa,Post-Bleaching
3/18/2025,13.5,14.0208,60,TUT-219,0,-14.28823,-170.639848,2025,QMED,esa,Post-Bleaching
3/18/2025,15,14.0208,60,TUT-219,0,-14.28823,-170.639848,2025,QMED,esa,Post-Bleaching
3/18/2025,25,14.0208,60,TUT-219,0,-14.28823,-170.639848,2025,QMED,esa,Post-Bleaching
3/18/2025,100,11.5824,60,TUT-219,50,-14.28823,-170.639848,2025,Q80,esa,Post-Bleaching
3/18/2025,30,11.5824,60,TUT-219,80,-14.28823,-170.639848,2025,QMED,esa,Post-Bleaching
3/18/2025,40,11.5824,60,TUT-219,20,-14.28823,-170.639848,2025,QMED,esa,Post-Bleaching
3/18/2025,45,11.5824,60,TUT-219,60,-14.28823,-170.639848,2025,Q80,esa,Post-Bleaching
3/18/2025,8,11.5824,60,TUT-219,0,-14.28823,-170.639848,2025,Q20,esa,Post-Bleaching
3/18/2025,10,11.5824,60,TUT-219,5,-14.28823,-170.639848,2025,Q20,esa,Post-Bleaching
3/18/2025,27,11.5824,60,TUT-219,10,-14.28823,-170.639848,2025,QMED,esa,Post-Bleaching
3/18/2025,10,11.5824,60,TUT-219,20,-14.28823,-170.639848,2025,Q20,esa,Post-Bleaching
3/18/2025,15,11.5824,60,TUT-219,0,-14.28823,-170.639848,2025,QMED,esa,Post-Bleaching
3/18/2025,25,9.7536,60,TUT-220,0,-14.300247,-170.681886,2025,QMED,esa,Post-Bleaching
3/18/2025,35,9.7536,60,TUT-220,75,-14.300247,-170.681886,2025,QMED,esa,Post-Bleaching
3/18/2025,65,7.62,60,TUT-219,25,-14.28823,-170.639848,2025,Q80,esa,Post-Bleaching
3/18/2025,40,7.62,60,TUT-219,20,-14.28823,-170.639848,2025,QMED,esa,Post-Bleaching
3/18/2025,105,7.0104,60,TUT-220,85,-14.300247,-170.681886,2025,Q80,esa,Post-Bleaching
3/18/2025,13,7.0104,60,TUT-220,0,-14.300247,-170.681886,2025,QMED,esa,Post-Bleaching
3/18/2025,29,7.0104,60,TUT-220,60,-14.300247,-170.681886,2025,QMED,esa,Post-Bleaching
3/18/2025,75,7.0104,60,TUT-220,70,-14.300247,-170.681886,2025,Q80,esa,Post-Bleaching
3/18/2025,51,7.0104,60,TUT-220,85,-14.300247,-170.681886,2025,Q80,esa,Post-Bleaching
3/18/2025,50,7.0104,60,TUT-220,95,-14.300247,-170.681886,2025,Q80,esa,Post-Bleaching
3/18/2025,60,7.0104,60,TUT-220,70,-14.300247,-170.681886,2025,Q80,esa,Post-Bleaching
3/18/2025,17,7.0104,60,TUT-220,0,-14.300247,-170.681886,2025,QMED,esa,Post-Bleaching
3/18/2025,22,7.0104,60,TUT-220,5,-14.300247,-170.681886,2025,QMED,esa,Post-Bleaching
3/18/2025,78,7.0104,60,TUT-220,80,-14.300247,-170.681886,2025,Q80,esa,Post-Bleaching
3/18/2025,6,7.0104,60,TUT-220,10,-14.300247,-170.681886,2025,Q20,esa,Post-Bleaching
3/18/2025,13,13.4112,60,TUT-157,15,-14.274192,-170.619785,2025,QMED,esa,Post-Bleaching
3/18/2025,10,13.4112,60,TUT-157,0,-14.274192,-170.619785,2025,Q20,esa,Post-Bleaching
3/18/2025,42,13.4112,60,TUT-157,25,-14.274192,-170.619785,2025,Q80,esa,Post-Bleaching
3/18/2025,12,13.4112,60,TUT-157,5,-14.274192,-170.619785,2025,Q20,esa,Post-Bleaching
3/18/2025,21,13.4112,60,TUT-157,10,-14.274192,-170.619785,2025,QMED,esa,Post-Bleaching
3/18/2025,53,9.7536,60,TUT-086,50,-14.27703,-170.611737,2025,Q80,esa,Post-Bleaching
3/18/2025,19,9.7536,60,TUT-086,10,-14.27703,-170.611737,2025,QMED,esa,Post-Bleaching
3/18/2025,21,9.7536,60,TUT-086,5,-14.27703,-170.611737,2025,QMED,esa,Post-Bleaching
3/19/2025,NA,10.668,60,TUT-221,NA,-14.362476,-170.746348,2025,NA,esa,Post-Bleaching
3/19/2025,NA,10.668,60,TUT-221,NA,-14.362476,-170.746348,2025,NA,esa,Post-Bleaching
3/19/2025,40,10.9728,60,TUT-223,90,-14.35909,-170.785248,2025,QMED,esa,Post-Bleaching
3/19/2025,15,10.9728,60,TUT-223,0,-14.35909,-170.785248,2025,QMED,esa,Post-Bleaching
3/19/2025,45,10.9728,60,TUT-223,50,-14.35909,-170.785248,2025,Q80,esa,Post-Bleaching
3/19/2025,16,10.9728,60,TUT-223,5,-14.35909,-170.785248,2025,QMED,esa,Post-Bleaching
3/19/2025,17.5,10.9728,60,TUT-223,0,-14.35909,-170.785248,2025,QMED,esa,Post-Bleaching
3/19/2025,8,10.9728,60,TUT-223,0,-14.35909,-170.785248,2025,Q20,esa,Post-Bleaching
3/19/2025,10,10.9728,60,TUT-223,0,-14.35909,-170.785248,2025,Q20,esa,Post-Bleaching
3/19/2025,26,10.9728,60,TUT-223,0,-14.35909,-170.785248,2025,QMED,esa,Post-Bleaching
3/19/2025,6,10.9728,60,TUT-223,0,-14.35909,-170.785248,2025,Q20,esa,Post-Bleaching
3/19/2025,15,10.9728,60,TUT-223,5,-14.35909,-170.785248,2025,QMED,esa,Post-Bleaching
3/19/2025,30,10.9728,60,TUT-223,45,-14.35909,-170.785248,2025,QMED,esa,Post-Bleaching
3/19/2025,20,10.9728,60,TUT-223,5,-14.35909,-170.785248,2025,QMED,esa,Post-Bleaching
3/19/2025,17.5,10.9728,60,TUT-223,0,-14.35909,-170.785248,2025,QMED,esa,Post-Bleaching
3/19/2025,15,10.9728,60,TUT-223,0,-14.35909,-170.785248,2025,QMED,esa,Post-Bleaching
3/19/2025,12,10.9728,60,TUT-223,3,-14.35909,-170.785248,2025,Q20,esa,Post-Bleaching
3/19/2025,75,10.9728,60,TUT-223,65,-14.35909,-170.785248,2025,Q80,esa,Post-Bleaching
3/19/2025,67.5,10.9728,60,TUT-223,90,-14.35909,-170.785248,2025,Q80,esa,Post-Bleaching
3/19/2025,32.5,10.9728,60,TUT-223,20,-14.35909,-170.785248,2025,QMED,esa,Post-Bleaching
3/19/2025,15,10.9728,60,TUT-223,0,-14.35909,-170.785248,2025,QMED,esa,Post-Bleaching
3/19/2025,7,10.9728,60,TUT-223,0,-14.35909,-170.785248,2025,Q20,esa,Post-Bleaching
3/19/2025,30,10.9728,60,TUT-223,5,-14.35909,-170.785248,2025,QMED,esa,Post-Bleaching
3/19/2025,35,10.9728,60,TUT-223,20,-14.35909,-170.785248,2025,QMED,esa,Post-Bleaching
3/19/2025,42.5,10.9728,60,TUT-223,20,-14.35909,-170.785248,2025,Q80,esa,Post-Bleaching
3/19/2025,45,10.9728,60,TUT-223,20,-14.35909,-170.785248,2025,Q80,esa,Post-Bleaching
3/19/2025,20,10.9728,60,TUT-223,0,-14.35909,-170.785248,2025,QMED,esa,Post-Bleaching
3/19/2025,16,10.9728,60,TUT-223,5,-14.35909,-170.785248,2025,QMED,esa,Post-Bleaching
3/19/2025,57.5,10.9728,60,TUT-223,20,-14.35909,-170.785248,2025,Q80,esa,Post-Bleaching
3/19/2025,45,10.9728,60,TUT-223,75,-14.35909,-170.785248,2025,Q80,esa,Post-Bleaching
3/19/2025,5,10.9728,60,TUT-223,2,-14.35909,-170.785248,2025,Q20,esa,Post-Bleaching
3/19/2025,22.5,10.9728,60,TUT-223,0,-14.35909,-170.785248,2025,QMED,esa,Post-Bleaching
3/19/2025,NA,13.4112,60,TUT-221,NA,-14.362476,-170.746348,2025,NA,esa,Post-Bleaching
3/19/2025,NA,13.4112,60,TUT-221,NA,-14.362476,-170.746348,2025,NA,esa,Post-Bleaching
3/19/2025,50,12.8016,60,TUT-222,60,-14.363787,-170.772574,2025,Q80,esa,Post-Bleaching
3/19/2025,40,12.8016,60,TUT-222,70,-14.363787,-170.772574,2025,QMED,esa,Post-Bleaching
3/19/2025,35,12.8016,60,TUT-222,65,-14.363787,-170.772574,2025,QMED,esa,Post-Bleaching
3/19/2025,15,12.8016,60,TUT-222,0,-14.363787,-170.772574,2025,QMED,esa,Post-Bleaching
3/19/2025,40,12.8016,60,TUT-222,60,-14.363787,-170.772574,2025,QMED,esa,Post-Bleaching
3/19/2025,30,12.8016,60,TUT-222,10,-14.363787,-170.772574,2025,QMED,esa,Post-Bleaching
3/19/2025,48,12.8016,60,TUT-222,65,-14.363787,-170.772574,2025,Q80,esa,Post-Bleaching
3/19/2025,46,12.8016,60,TUT-222,50,-14.363787,-170.772574,2025,Q80,esa,Post-Bleaching
3/19/2025,35,12.8016,60,TUT-222,60,-14.363787,-170.772574,2025,QMED,esa,Post-Bleaching
3/19/2025,55,12.8016,60,TUT-222,30,-14.363787,-170.772574,2025,Q80,esa,Post-Bleaching
3/19/2025,34,12.8016,60,TUT-222,0,-14.363787,-170.772574,2025,QMED,esa,Post-Bleaching
3/19/2025,55,12.8016,60,TUT-222,40,-14.363787,-170.772574,2025,Q80,esa,Post-Bleaching
3/19/2025,15,12.8016,60,TUT-222,15,-14.363787,-170.772574,2025,QMED,esa,Post-Bleaching
3/19/2025,25,12.8016,60,TUT-222,30,-14.363787,-170.772574,2025,QMED,esa,Post-Bleaching
3/19/2025,22,12.8016,60,TUT-222,10,-14.363787,-170.772574,2025,QMED,esa,Post-Bleaching
3/19/2025,37,12.8016,60,TUT-222,25,-14.363787,-170.772574,2025,QMED,esa,Post-Bleaching
3/19/2025,10,12.8016,60,TUT-222,0,-14.363787,-170.772574,2025,Q20,esa,Post-Bleaching
3/19/2025,50,12.8016,60,TUT-222,25,-14.363787,-170.772574,2025,Q80,esa,Post-Bleaching
3/19/2025,45,12.8016,60,TUT-222,40,-14.363787,-170.772574,2025,Q80,esa,Post-Bleaching
3/19/2025,35,12.8016,60,TUT-222,30,-14.363787,-170.772574,2025,QMED,esa,Post-Bleaching
3/19/2025,20,12.8016,60,TUT-222,50,-14.363787,-170.772574,2025,QMED,esa,Post-Bleaching
3/19/2025,24,12.8016,60,TUT-222,0,-14.363787,-170.772574,2025,QMED,esa,Post-Bleaching
3/19/2025,22,12.8016,60,TUT-222,0,-14.363787,-170.772574,2025,QMED,esa,Post-Bleaching
3/19/2025,30,12.8016,60,TUT-222,10,-14.363787,-170.772574,2025,QMED,esa,Post-Bleaching
3/19/2025,55,12.8016,60,TUT-222,35,-14.363787,-170.772574,2025,Q80,esa,Post-Bleaching
3/19/2025,42,12.8016,60,TUT-222,60,-14.363787,-170.772574,2025,Q80,esa,Post-Bleaching
3/19/2025,24,12.8016,60,TUT-222,25,-14.363787,-170.772574,2025,QMED,esa,Post-Bleaching
3/19/2025,31,12.8016,60,TUT-222,30,-14.363787,-170.772574,2025,QMED,esa,Post-Bleaching
3/19/2025,42,12.8016,60,TUT-222,10,-14.363787,-170.772574,2025,Q80,esa,Post-Bleaching
3/19/2025,50,12.8016,60,TUT-222,85,-14.363787,-170.772574,2025,Q80,esa,Post-Bleaching
3/19/2025,30,12.8016,60,TUT-222,75,-14.363787,-170.772574,2025,QMED,esa,Post-Bleaching
3/19/2025,74,12.8016,60,TUT-222,40,-14.363787,-170.772574,2025,Q80,esa,Post-Bleaching
3/19/2025,35,10.9728,60,TUT-223,60,-14.35909,-170.785248,2025,QMED,esa,Post-Bleaching
3/19/2025,27,10.9728,60,TUT-223,65,-14.35909,-170.785248,2025,QMED,esa,Post-Bleaching
3/19/2025,26,10.9728,60,TUT-223,15,-14.35909,-170.785248,2025,QMED,esa,Post-Bleaching
3/19/2025,27,10.9728,60,TUT-223,10,-14.35909,-170.785248,2025,QMED,esa,Post-Bleaching
3/19/2025,14,10.9728,60,TUT-223,0,-14.35909,-170.785248,2025,QMED,esa,Post-Bleaching
3/19/2025,74,10.9728,60,TUT-223,55,-14.35909,-170.785248,2025,Q80,esa,Post-Bleaching
3/19/2025,27,10.9728,60,TUT-223,30,-14.35909,-170.785248,2025,QMED,esa,Post-Bleaching
3/19/2025,10,10.9728,60,TUT-223,0,-14.35909,-170.785248,2025,Q20,esa,Post-Bleaching
3/19/2025,6,10.9728,60,TUT-223,25,-14.35909,-170.785248,2025,Q20,esa,Post-Bleaching
3/19/2025,17,10.9728,60,TUT-223,40,-14.35909,-170.785248,2025,QMED,esa,Post-Bleaching
3/19/2025,34,10.9728,60,TUT-223,30,-14.35909,-170.785248,2025,QMED,esa,Post-Bleaching
3/19/2025,6,10.9728,60,TUT-223,0,-14.35909,-170.785248,2025,Q20,esa,Post-Bleaching
3/19/2025,6,10.9728,60,TUT-223,25,-14.35909,-170.785248,2025,Q20,esa,Post-Bleaching
3/19/2025,10,10.9728,60,TUT-223,0,-14.35909,-170.785248,2025,Q20,esa,Post-Bleaching
3/19/2025,12,10.9728,60,TUT-223,0,-14.35909,-170.785248,2025,Q20,esa,Post-Bleaching
3/19/2025,37,10.9728,60,TUT-223,75,-14.35909,-170.785248,2025,QMED,esa,Post-Bleaching
3/19/2025,50,10.9728,60,TUT-223,65,-14.35909,-170.785248,2025,Q80,esa,Post-Bleaching
3/19/2025,5,10.9728,60,TUT-223,0,-14.35909,-170.785248,2025,Q20,esa,Post-Bleaching
3/19/2025,40,10.9728,60,TUT-223,30,-14.35909,-170.785248,2025,QMED,esa,Post-Bleaching
3/19/2025,48,10.9728,60,TUT-223,60,-14.35909,-170.785248,2025,Q80,esa,Post-Bleaching
3/19/2025,17,10.9728,60,TUT-223,20,-14.35909,-170.785248,2025,QMED,esa,Post-Bleaching
3/19/2025,31,10.9728,60,TUT-223,5,-14.35909,-170.785248,2025,QMED,esa,Post-Bleaching
3/19/2025,35,10.9728,60,TUT-223,10,-14.35909,-170.785248,2025,QMED,esa,Post-Bleaching
3/19/2025,25,10.9728,60,TUT-223,25,-14.35909,-170.785248,2025,QMED,esa,Post-Bleaching
3/19/2025,27,10.9728,60,TUT-223,60,-14.35909,-170.785248,2025,QMED,esa,Post-Bleaching
3/19/2025,32,10.9728,60,TUT-223,55,-14.35909,-170.785248,2025,QMED,esa,Post-Bleaching
3/19/2025,7,10.9728,60,TUT-223,0,-14.35909,-170.785248,2025,Q20,esa,Post-Bleaching
3/19/2025,10,10.9728,60,TUT-223,0,-14.35909,-170.785248,2025,Q20,esa,Post-Bleaching
3/19/2025,6,10.9728,60,TUT-223,0,-14.35909,-170.785248,2025,Q20,esa,Post-Bleaching
3/19/2025,7,10.9728,60,TUT-223,0,-14.35909,-170.785248,2025,Q20,esa,Post-Bleaching
3/19/2025,NA,9.144,60,TUT-221,NA,-14.362476,-170.746348,2025,NA,esa,Post-Bleaching
3/19/2025,NA,9.144,60,TUT-221,NA,-14.362476,-170.746348,2025,NA,esa,Post-Bleaching
3/19/2025,NA,9.144,60,TUT-221,NA,-14.362476,-170.746348,2025,NA,esa,Post-Bleaching
3/19/2025,30,13.1064,60,TUT-222,5,-14.363787,-170.772574,2025,QMED,esa,Post-Bleaching
3/19/2025,15,13.1064,60,TUT-222,0,-14.363787,-170.772574,2025,QMED,esa,Post-Bleaching
3/19/2025,70,13.1064,60,TUT-222,25,-14.363787,-170.772574,2025,Q80,esa,Post-Bleaching
3/19/2025,30,13.1064,60,TUT-222,35,-14.363787,-170.772574,2025,QMED,esa,Post-Bleaching
3/19/2025,20,13.1064,60,TUT-222,10,-14.363787,-170.772574,2025,QMED,esa,Post-Bleaching
3/19/2025,60,13.1064,60,TUT-222,75,-14.363787,-170.772574,2025,Q80,esa,Post-Bleaching
3/19/2025,35,13.1064,60,TUT-222,60,-14.363787,-170.772574,2025,QMED,esa,Post-Bleaching
3/19/2025,15,13.1064,60,TUT-222,20,-14.363787,-170.772574,2025,QMED,esa,Post-Bleaching
3/19/2025,25,13.1064,60,TUT-222,0,-14.363787,-170.772574,2025,QMED,esa,Post-Bleaching
3/19/2025,50,13.1064,60,TUT-222,95,-14.363787,-170.772574,2025,Q80,esa,Post-Bleaching
3/19/2025,30,13.1064,60,TUT-222,15,-14.363787,-170.772574,2025,QMED,esa,Post-Bleaching
3/19/2025,20,13.1064,60,TUT-222,0,-14.363787,-170.772574,2025,QMED,esa,Post-Bleaching
3/19/2025,25,13.1064,60,TUT-222,0,-14.363787,-170.772574,2025,QMED,esa,Post-Bleaching
3/19/2025,60,13.1064,60,TUT-222,98,-14.363787,-170.772574,2025,Q80,esa,Post-Bleaching
3/19/2025,45,13.1064,60,TUT-222,60,-14.363787,-170.772574,2025,Q80,esa,Post-Bleaching
3/19/2025,35,13.1064,60,TUT-222,10,-14.363787,-170.772574,2025,QMED,esa,Post-Bleaching
3/19/2025,15,13.1064,60,TUT-222,0,-14.363787,-170.772574,2025,QMED,esa,Post-Bleaching
3/19/2025,20,13.1064,60,TUT-222,10,-14.363787,-170.772574,2025,QMED,esa,Post-Bleaching
3/19/2025,10,13.1064,60,TUT-222,0,-14.363787,-170.772574,2025,Q20,esa,Post-Bleaching
3/19/2025,50,13.1064,60,TUT-222,15,-14.363787,-170.772574,2025,Q80,esa,Post-Bleaching
3/19/2025,40,13.1064,60,TUT-222,55,-14.363787,-170.772574,2025,QMED,esa,Post-Bleaching
3/19/2025,55,13.1064,60,TUT-222,50,-14.363787,-170.772574,2025,Q80,esa,Post-Bleaching
3/19/2025,35,13.1064,60,TUT-222,60,-14.363787,-170.772574,2025,QMED,esa,Post-Bleaching
3/19/2025,50,13.1064,60,TUT-222,95,-14.363787,-170.772574,2025,Q80,esa,Post-Bleaching
3/19/2025,15,13.1064,60,TUT-222,5,-14.363787,-170.772574,2025,QMED,esa,Post-Bleaching
3/19/2025,10,13.1064,60,TUT-222,0,-14.363787,-170.772574,2025,Q20,esa,Post-Bleaching
3/19/2025,40,13.1064,60,TUT-222,90,-14.363787,-170.772574,2025,QMED,esa,Post-Bleaching
3/19/2025,85,13.1064,60,TUT-222,30,-14.363787,-170.772574,2025,Q80,esa,Post-Bleaching
3/19/2025,35,13.1064,60,TUT-222,70,-14.363787,-170.772574,2025,QMED,esa,Post-Bleaching
3/19/2025,35,13.1064,60,TUT-222,20,-14.363787,-170.772574,2025,QMED,esa,Post-Bleaching
3/19/2025,19,13.716,60,TUT-222,10,-14.363787,-170.772574,2025,QMED,esa,Post-Bleaching
3/19/2025,34,13.716,60,TUT-222,5,-14.363787,-170.772574,2025,QMED,esa,Post-Bleaching
3/19/2025,13,13.716,60,TUT-222,5,-14.363787,-170.772574,2025,QMED,esa,Post-Bleaching
3/19/2025,33,13.716,60,TUT-222,10,-14.363787,-170.772574,2025,QMED,esa,Post-Bleaching
3/19/2025,71,13.716,60,TUT-222,40,-14.363787,-170.772574,2025,Q80,esa,Post-Bleaching
3/19/2025,60,13.716,60,TUT-222,10,-14.363787,-170.772574,2025,Q80,esa,Post-Bleaching
3/19/2025,16,13.716,60,TUT-222,5,-14.363787,-170.772574,2025,QMED,esa,Post-Bleaching
3/19/2025,29,13.716,60,TUT-222,5,-14.363787,-170.772574,2025,QMED,esa,Post-Bleaching
3/19/2025,53,13.716,60,TUT-222,20,-14.363787,-170.772574,2025,Q80,esa,Post-Bleaching
3/19/2025,78,13.716,60,TUT-222,20,-14.363787,-170.772574,2025,Q80,esa,Post-Bleaching
3/19/2025,26,13.716,60,TUT-222,15,-14.363787,-170.772574,2025,QMED,esa,Post-Bleaching
3/19/2025,15,13.716,60,TUT-222,2,-14.363787,-170.772574,2025,QMED,esa,Post-Bleaching
3/19/2025,75,13.716,60,TUT-222,15,-14.363787,-170.772574,2025,Q80,esa,Post-Bleaching
3/19/2025,85,13.716,60,TUT-222,45,-14.363787,-170.772574,2025,Q80,esa,Post-Bleaching
3/19/2025,75,13.716,60,TUT-222,35,-14.363787,-170.772574,2025,Q80,esa,Post-Bleaching
3/19/2025,40,13.716,60,TUT-222,15,-14.363787,-170.772574,2025,QMED,esa,Post-Bleaching
3/19/2025,22,13.716,60,TUT-222,5,-14.363787,-170.772574,2025,QMED,esa,Post-Bleaching
3/19/2025,52,13.716,60,TUT-222,40,-14.363787,-170.772574,2025,Q80,esa,Post-Bleaching
3/19/2025,85,13.716,60,TUT-222,60,-14.363787,-170.772574,2025,Q80,esa,Post-Bleaching
3/19/2025,41,13.716,60,TUT-222,60,-14.363787,-170.772574,2025,Q80,esa,Post-Bleaching
3/19/2025,57,13.716,60,TUT-222,10,-14.363787,-170.772574,2025,Q80,esa,Post-Bleaching
3/19/2025,19,13.716,60,TUT-222,20,-14.363787,-170.772574,2025,QMED,esa,Post-Bleaching
3/19/2025,71,13.716,60,TUT-222,50,-14.363787,-170.772574,2025,Q80,esa,Post-Bleaching
3/19/2025,50,13.716,60,TUT-222,25,-14.363787,-170.772574,2025,Q80,esa,Post-Bleaching
3/19/2025,55,13.716,60,TUT-222,80,-14.363787,-170.772574,2025,Q80,esa,Post-Bleaching
3/19/2025,45,13.716,60,TUT-222,15,-14.363787,-170.772574,2025,Q80,esa,Post-Bleaching
3/19/2025,30,13.716,60,TUT-222,5,-14.363787,-170.772574,2025,QMED,esa,Post-Bleaching
3/19/2025,43,13.716,60,TUT-222,5,-14.363787,-170.772574,2025,Q80,esa,Post-Bleaching
3/19/2025,23,13.716,60,TUT-222,10,-14.363787,-170.772574,2025,QMED,esa,Post-Bleaching
3/19/2025,58,13.716,60,TUT-222,50,-14.363787,-170.772574,2025,Q80,esa,Post-Bleaching
3/19/2025,38,10.0584,60,TUT-223,70,-14.35909,-170.785248,2025,QMED,esa,Post-Bleaching
3/19/2025,5,10.0584,60,TUT-223,0,-14.35909,-170.785248,2025,Q20,esa,Post-Bleaching
3/19/2025,21,10.0584,60,TUT-223,35,-14.35909,-170.785248,2025,QMED,esa,Post-Bleaching
3/19/2025,23,10.0584,60,TUT-223,25,-14.35909,-170.785248,2025,QMED,esa,Post-Bleaching
3/19/2025,60,10.0584,60,TUT-223,90,-14.35909,-170.785248,2025,Q80,esa,Post-Bleaching
3/19/2025,5,10.0584,60,TUT-223,0,-14.35909,-170.785248,2025,Q20,esa,Post-Bleaching
3/19/2025,6,10.0584,60,TUT-223,0,-14.35909,-170.785248,2025,Q20,esa,Post-Bleaching
3/19/2025,49,10.0584,60,TUT-223,95,-14.35909,-170.785248,2025,Q80,esa,Post-Bleaching
3/19/2025,7,10.0584,60,TUT-223,1,-14.35909,-170.785248,2025,Q20,esa,Post-Bleaching
3/19/2025,5,10.0584,60,TUT-223,0,-14.35909,-170.785248,2025,Q20,esa,Post-Bleaching
3/19/2025,15,10.0584,60,TUT-223,0,-14.35909,-170.785248,2025,QMED,esa,Post-Bleaching
3/19/2025,5,10.0584,60,TUT-223,0,-14.35909,-170.785248,2025,Q20,esa,Post-Bleaching
3/19/2025,21,10.0584,60,TUT-223,1,-14.35909,-170.785248,2025,QMED,esa,Post-Bleaching
3/19/2025,52,10.0584,60,TUT-223,35,-14.35909,-170.785248,2025,Q80,esa,Post-Bleaching
3/19/2025,44,10.0584,60,TUT-223,20,-14.35909,-170.785248,2025,Q80,esa,Post-Bleaching
3/19/2025,14,10.0584,60,TUT-223,1,-14.35909,-170.785248,2025,QMED,esa,Post-Bleaching
3/19/2025,80,10.0584,60,TUT-223,65,-14.35909,-170.785248,2025,Q80,esa,Post-Bleaching
3/19/2025,20,10.0584,60,TUT-223,15,-14.35909,-170.785248,2025,QMED,esa,Post-Bleaching
3/19/2025,33,10.0584,60,TUT-223,20,-14.35909,-170.785248,2025,QMED,esa,Post-Bleaching
3/19/2025,125,10.0584,60,TUT-223,85,-14.35909,-170.785248,2025,Q80,esa,Post-Bleaching
3/19/2025,16,10.0584,60,TUT-223,25,-14.35909,-170.785248,2025,QMED,esa,Post-Bleaching
3/19/2025,42,10.0584,60,TUT-223,80,-14.35909,-170.785248,2025,Q80,esa,Post-Bleaching
3/19/2025,38,10.0584,60,TUT-223,85,-14.35909,-170.785248,2025,QMED,esa,Post-Bleaching
3/19/2025,10,10.0584,60,TUT-223,0,-14.35909,-170.785248,2025,Q20,esa,Post-Bleaching
3/19/2025,6,10.0584,60,TUT-223,0,-14.35909,-170.785248,2025,Q20,esa,Post-Bleaching
3/19/2025,8,10.0584,60,TUT-223,0,-14.35909,-170.785248,2025,Q20,esa,Post-Bleaching
3/19/2025,59,10.0584,60,TUT-223,90,-14.35909,-170.785248,2025,Q80,esa,Post-Bleaching
3/19/2025,30,10.0584,60,TUT-223,25,-14.35909,-170.785248,2025,QMED,esa,Post-Bleaching
3/19/2025,15,10.0584,60,TUT-223,0,-14.35909,-170.785248,2025,QMED,esa,Post-Bleaching
3/19/2025,20,10.0584,60,TUT-223,5,-14.35909,-170.785248,2025,QMED,esa,Post-Bleaching
3/21/2025,32.5,14.6304,60,TUT-098,8,-14.314128,-170.652116,2025,QMED,esa,Post-Bleaching
3/21/2025,40,16.1544,60,TUT-098,20,-14.314128,-170.652116,2025,QMED,esa,Post-Bleaching
3/21/2025,38,14.6304,60,TUT-098,10,-14.314128,-170.652116,2025,QMED,esa,Post-Bleaching
